league,season,team,player_name,nation,pos,age,born,Playing_Time_MP,Playing_Time_Starts,Playing_Time_Min,Playing_Time_90s,Performance_Gls,Performance_Ast,Performance_G+A,Performance_G-PK,Performance_PK,Performance_PKatt,Performance_CrdY,Performance_CrdR,Expected_xG,Expected_npxG,Expected_xAG,Expected_npxG+xAG,Progression_PrgC,Progression_PrgP,Progression_PrgR,Per_90_Minutes_Gls,Per_90_Minutes_Ast,Per_90_Minutes_G+A,Per_90_Minutes_G-PK,Per_90_Minutes_G+A-PK,Per_90_Minutes_xG,Per_90_Minutes_xAG,Per_90_Minutes_xG+xAG,Per_90_Minutes_npxG,Per_90_Minutes_npxG+xAG,Tackles_Tkl,Tackles_TklW,Tackles_Def_3rd,Tackles_Mid_3rd,Tackles_Att_3rd,Int,Tkl+Int,Clr,Blocks_Blocks,Challenges_Tkl%,Challenges_Lost,Err,Total_Cmp,Total_Att,Total_Cmp%,Total_PrgDist,KP,Expected_xA,1/3,PPA,PrgP,Short_Cmp%,Medium_Cmp%,Long_Cmp%,Pass_Types_TB,Pass_Types_Sw,Pass_Types_Crs,Outcomes_Blocks,Outcomes_Off,player_id
ENG-Premier League,25/26,Leeds United,Brenden Aaronson,USA,"MF,FW",25-200,2000,34,27,2239,24.9,4,5,9,4,0,0,2,0,,,,,,,,0.16,0.20,0.36,0.16,0.36,,,,,,,,,,,,,,,,,,,,,,,,,,,,,,,,,,,brenden_aaronson_leeds_united
ENG-Premier League,25/26,Nott'ham Forest,Zach Abbott,ENG,DF,19-362,2006,3,2,164,1.8,0,0,0,0,0,0,0,0,,,,,,,,0.00,0.00,0.00,0.00,0.00,,,,,,,,,,,,,,,,,,,,,,,,,,,,,,,,,,,zach_abbott_nott_ham_forest
ENG-Premier League,25/26,Aston Villa,Tammy Abraham,ENG,FW,28-220,1997,12,2,286,3.2,2,0,2,2,0,0,0,0,,,,,,,,0.63,0.00,0.63,0.63,0.63,,,,,,,,,,,,,,,,,,,,,,,,,,,,,,,,,,,tammy_abraham_aston_villa
ENG-Premier League,25/26,Chelsea,Joshua Acheampong,ENG,DF,20-005,2006,15,7,587,6.5,1,0,1,1,0,0,1,0,,,,,,,,0.15,0.00,0.15,0.15,0.15,,,,,,,,,,,,,,,,,,,,,,,,,,,,,,,,,,,joshua_acheampong_chelsea
ENG-Premier League,25/26,Bournemouth,Tyler Adams,USA,MF,27-085,1999,23,19,1593,17.7,2,2,4,2,0,0,7,0,,,,,,,,0.11,0.11,0.23,0.11,0.23,,,,,,,,,,,,,,,,,,,,,,,,,,,,,,,,,,,tyler_adams_bournemouth
ENG-Premier League,25/26,Chelsea,Tosin Adarabioyo,ENG,DF,28-228,1997,16,8,795,8.8,0,0,0,0,0,0,2,0,,,,,,,,0.00,0.00,0.00,0.00,0.00,,,,,,,,,,,,,,,,,,,,,,,,,,,,,,,,,,,tosin_adarabioyo_chelsea
ENG-Premier League,25/26,Sunderland,Simon Adingra,CIV,"MF,FW",24-129,2002,14,9,653,7.3,1,0,1,1,0,0,2,0,,,,,,,,0.14,0.00,0.14,0.14,0.14,,,,,,,,,,,,,,,,,,,,,,,,,,,,,,,,,,,simon_adingra_sunderland
ENG-Premier League,25/26,Bournemouth,Amine Adli,MAR,MF,26-000,2000,30,10,1076,12.0,3,1,4,3,0,0,2,0,,,,,,,,0.25,0.08,0.33,0.25,0.33,,,,,,,,,,,,,,,,,,,,,,,,,,,,,,,,,,,amine_adli_bournemouth
ENG-Premier League,25/26,Wolves,Emmanuel Agbadou,CIV,DF,28-327,1997,14,12,1101,12.2,0,0,0,0,0,0,1,1,,,,,,,,0.00,0.00,0.00,0.00,0.00,,,,,,,,,,,,,,,,,,,,,,,,,,,,,,,,,,,emmanuel_agbadou_wolves
ENG-Premier League,25/26,West Ham,Nayef Aguerd,MAR,DF,30-041,1996,2,2,180,2.0,0,0,0,0,0,0,0,0,,,,,,,,0.00,0.00,0.00,0.00,0.00,,,,,,,,,,,,,,,,,,,,,,,,,,,,,,,,,,,nayef_aguerd_west_ham
ENG-Premier League,25/26,Nott'ham Forest,Ola Aina,NGA,DF,29-214,1996,18,18,1588,17.6,0,0,0,0,0,0,3,0,,,,,,,,0.00,0.00,0.00,0.00,0.00,,,,,,,,,,,,,,,,,,,,,,,,,,,,,,,,,,,ola_aina_nott_ham_forest
ENG-Premier League,25/26,Manchester City,Rayan Aït-Nouri,ALG,DF,24-338,2001,15,11,870,9.7,0,2,2,0,0,0,2,0,,,,,,,,0.00,0.21,0.21,0.00,0.21,,,,,,,,,,,,,,,,,,,,,,,,,,,,,,,,,,,rayan_ait_nouri_manchester_city
ENG-Premier League,25/26,Brentford,Kristoffer Ajer,NOR,DF,28-023,1998,26,19,1729,19.2,0,1,1,0,0,0,4,0,,,,,,,,0.00,0.05,0.05,0.00,0.05,,,,,,,,,,,,,,,,,,,,,,,,,,,,,,,,,,,kristoffer_ajer_brentford
ENG-Premier League,25/26,Manchester City,Nathan Aké,NED,DF,31-081,1995,16,5,586,6.5,0,0,0,0,0,0,1,0,,,,,,,,0.00,0.00,0.00,0.00,0.00,,,,,,,,,,,,,,,,,,,,,,,,,,,,,,,,,,,nathan_ake_manchester_city
ENG-Premier League,25/26,Everton,Carlos Alcaraz,ARG,MF,23-161,2002,18,6,681,7.6,0,1,1,0,0,0,4,0,,,,,,,,0.00,0.13,0.13,0.00,0.13,,,,,,,,,,,,,,,,,,,,,,,,,,,,,,,,,,,carlos_alcaraz_everton
ENG-Premier League,25/26,Sunderland,Omar Alderete,PAR,DF,29-135,1996,32,31,2776,30.8,1,1,2,1,0,0,6,0,,,,,,,,0.03,0.03,0.06,0.03,0.06,,,,,,,,,,,,,,,,,,,,,,,,,,,,,,,,,,,omar_alderete_sunderland
ENG-Premier League,25/26,Liverpool,Alisson,BRA,GK,33-220,1992,25,25,2250,25.0,0,0,0,0,0,0,1,0,,,,,,,,0.00,0.00,0.00,0.00,0.00,,,,,,,,,,,,,,,,,,,,,,,,,,,,,,,,,,,alisson_liverpool
ENG-Premier League,25/26,Manchester City,Max Alleyne,ENG,DF,20-293,2005,2,2,135,1.5,0,0,0,0,0,0,0,0,,,,,,,,0.00,0.00,0.00,0.00,0.00,,,,,,,,,,,,,,,,,,,,,,,,,,,,,,,,,,,max_alleyne_manchester_city
ENG-Premier League,25/26,Burnley,Jaydon Amauri Banel,NED,"FW,MF",21-203,2004,1,0,10,0.1,0,0,0,0,0,0,0,0,,,,,,,,0.00,0.00,0.00,0.00,0.00,,,,,,,,,,,,,,,,,,,,,,,,,,,,,,,,,,,jaydon_amauri_banel_burnley
ENG-Premier League,25/26,Burnley,Zeki Amdouni,SUI,"FW,MF",25-157,2000,1,0,15,0.2,0,0,0,0,0,0,0,0,,,,,,,,0.00,0.00,0.00,0.00,0.00,,,,,,,,,,,,,,,,,,,,,,,,,,,,,,,,,,,zeki_amdouni_burnley
ENG-Premier League,25/26,Leeds United,Ethan Ampadu,WAL,MF,25-238,2000,32,32,2849,31.7,1,1,2,1,0,0,9,0,,,,,,,,0.03,0.03,0.06,0.03,0.06,,,,,,,,,,,,,,,,,,,,,,,,,,,,,,,,,,,ethan_ampadu_leeds_united
ENG-Premier League,25/26,Fulham,Joachim Andersen,DEN,DF,29-344,1996,33,33,2875,31.9,0,1,1,0,0,0,7,1,,,,,,,,0.00,0.03,0.03,0.00,0.03,,,,,,,,,,,,,,,,,,,,,,,,,,,,,,,,,,,joachim_andersen_fulham
ENG-Premier League,25/26,Nott'ham Forest,Elliot Anderson,ENG,MF,23-185,2002,35,34,3087,34.3,3,2,5,2,1,1,7,0,,,,,,,,0.09,0.06,0.15,0.06,0.12,,,,,,,,,,,,,,,,,,,,,,,,,,,,,,,,,,,elliot_anderson_nott_ham_forest
ENG-Premier League,25/26,Wolves,André,BRA,MF,24-298,2001,33,28,2582,28.7,1,0,1,1,0,0,11,0,,,,,,,,0.03,0.00,0.03,0.03,0.03,,,,,,,,,,,,,,,,,,,,,,,,,,,,,,,,,,,andre_wolves
ENG-Premier League,25/26,Sunderland,Nilson Angulo,ECU,MF,22-325,2003,6,3,268,3.0,0,0,0,0,0,0,0,0,,,,,,,,0.00,0.00,0.00,0.00,0.00,,,,,,,,,,,,,,,,,,,,,,,,,,,,,,,,,,,nilson_angulo_sunderland
ENG-Premier League,25/26,Burnley,Jaidon Anthony,ENG,MF,26-160,1999,34,29,2462,27.4,7,2,9,7,0,0,4,0,,,,,,,,0.26,0.07,0.33,0.26,0.33,,,,,,,,,,,,,,,,,,,,,,,,,,,,,,,,,,,jaidon_anthony_burnley
ENG-Premier League,25/26,West Ham,Alphonse Areola,FRA,GK,33-072,1993,20,20,1800,20.0,0,1,1,0,0,0,0,0,,,,,,,,0.00,0.05,0.05,0.00,0.05,,,,,,,,,,,,,,,,,,,,,,,,,,,,,,,,,,,alphonse_areola_west_ham
ENG-Premier League,25/26,Wolves,Jhon Arias,COL,"FW,MF",28-231,1997,23,14,1124,12.5,1,0,1,1,0,0,1,0,,,,,,,,0.08,0.00,0.08,0.08,0.08,,,,,,,,,,,,,,,,,,,,,,,,,,,,,,,,,,,jhon_arias_wolves
ENG-Premier League,25/26,Wolves,Adam Armstrong,ENG,"FW,MF",29-089,1997,12,12,996,11.1,1,2,3,1,0,0,3,0,,,,,,,,0.09,0.18,0.27,0.09,0.27,,,,,,,,,,,,,,,,,,,,,,,,,,,,,,,,,,,adam_armstrong_wolves
ENG-Premier League,25/26,Everton,Harrison Armstrong,ENG,MF,19-111,2007,12,6,500,5.6,0,0,0,0,0,0,0,0,,,,,,,,0.00,0.00,0.00,0.00,0.00,,,,,,,,,,,,,,,,,,,,,,,,,,,,,,,,,,,harrison_armstrong_everton
ENG-Premier League,25/26,Wolves,Tolu Arokodare,NGA,FW,25-168,2000,31,13,1375,15.3,3,1,4,3,0,1,1,0,,,,,,,,0.20,0.07,0.26,0.20,0.26,,,,,,,,,,,,,,,,,,,,,,,,,,,,,,,,,,,tolu_arokodare_wolves
ENG-Premier League,25/26,Nott'ham Forest,Taiwo Awoniyi,NGA,FW,28-271,1997,14,2,372,4.1,4,1,5,4,0,0,1,0,,,,,,,,0.97,0.24,1.21,0.97,1.21,,,,,,,,,,,,,,,,,,,,,,,,,,,,,,,,,,,taiwo_awoniyi_nott_ham_forest
ENG-Premier League,25/26,Brighton,Yasin Ayari,SWE,MF,22-216,2003,28,20,1920,21.3,3,3,6,3,0,0,1,0,,,,,,,,0.14,0.14,0.28,0.14,0.28,,,,,,,,,,,,,,,,,,,,,,,,,,,,,,,,,,,yasin_ayari_brighton
ENG-Premier League,25/26,Chelsea,Benoît Badiashile,FRA,DF,25-045,2001,8,6,471,5.2,0,0,0,0,0,0,2,0,,,,,,,,0.00,0.00,0.00,0.00,0.00,,,,,,,,,,,,,,,,,,,,,,,,,,,,,,,,,,,benoit_badiashile_chelsea
ENG-Premier League,25/26,Aston Villa,Leon Bailey,JAM,MF,28-274,1997,11,2,363,4.0,0,1,1,0,0,0,1,0,,,,,,,,0.00,0.25,0.25,0.00,0.25,,,,,,,,,,,,,,,,,,,,,,,,,,,,,,,,,,,leon_bailey_aston_villa
ENG-Premier League,25/26,Nott'ham Forest,Dilane Bakwa,FRA,MF,23-257,2002,12,5,469,5.2,0,2,2,0,0,0,1,0,,,,,,,,0.00,0.38,0.38,0.00,0.38,,,,,,,,,,,,,,,,,,,,,,,,,,,,,,,,,,,dilane_bakwa_nott_ham_forest
ENG-Premier League,25/26,Brighton,Carlos Baleba,CMR,MF,22-127,2004,29,22,1539,17.1,0,0,0,0,0,0,5,0,,,,,,,,0.00,0.00,0.00,0.00,0.00,,,,,,,,,,,,,,,,,,,,,,,,,,,,,,,,,,,carlos_baleba_brighton
ENG-Premier League,25/26,Sunderland,Daniel Ballard,NIR,DF,26-230,1999,29,24,2149,23.9,2,0,2,2,0,0,4,1,,,,,,,,0.08,0.00,0.08,0.08,0.08,,,,,,,,,,,,,,,,,,,,,,,,,,,,,,,,,,,daniel_ballard_sunderland
ENG-Premier League,25/26,Aston Villa,Ross Barkley,ENG,MF,32-156,1993,18,5,648,7.2,2,0,2,2,0,0,1,0,,,,,,,,0.28,0.00,0.28,0.28,0.28,,,,,,,,,,,,,,,,,,,,,,,,,,,,,,,,,,,ross_barkley_aston_villa
ENG-Premier League,25/26,Burnley,Ashley Barnes,ENG,"FW,MF",36-192,1989,6,0,40,0.4,0,0,0,0,0,0,1,0,,,,,,,,0.00,0.00,0.00,0.00,0.00,,,,,,,,,,,,,,,,,,,,,,,,,,,,,,,,,,,ashley_barnes_burnley
ENG-Premier League,25/26,Newcastle Utd,Harvey Barnes,ENG,"FW,MF",28-152,1997,34,18,1817,20.2,6,0,6,6,0,0,1,0,,,,,,,,0.30,0.00,0.30,0.30,0.30,,,,,,,,,,,,,,,,,,,,,,,,,,,,,,,,,,,harvey_barnes_newcastle_utd
ENG-Premier League,25/26,Everton,Thierno Barry,FRA,FW,23-201,2002,35,20,1792,19.9,8,0,8,8,0,0,3,0,,,,,,,,0.40,0.00,0.40,0.40,0.40,,,,,,,,,,,,,,,,,,,,,,,,,,,,,,,,,,,thierno_barry_everton
ENG-Premier League,25/26,Fulham,Calvin Bassey,NGA,DF,26-130,1999,28,26,2354,26.2,1,0,1,1,0,0,5,0,,,,,,,,0.04,0.00,0.04,0.04,0.04,,,,,,,,,,,,,,,,,,,,,,,,,,,,,,,,,,,calvin_bassey_fulham
ENG-Premier League,25/26,Manchester Utd,Altay Bayındır,TUR,GK,28-026,1998,6,6,540,6.0,0,0,0,0,0,0,0,0,,,,,,,,0.00,0.00,0.00,0.00,0.00,,,,,,,,,,,,,,,,,,,,,,,,,,,,,,,,,,,altay_bay_nd_r_manchester_utd
ENG-Premier League,25/26,Wolves,Jean-Ricner Bellegarde,HAI,"MF,FW",27-317,1998,25,15,1236,13.7,1,1,2,1,0,0,5,0,,,,,,,,0.07,0.07,0.15,0.07,0.15,,,,,,,,,,,,,,,,,,,,,,,,,,,,,,,,,,,jean_ricner_bellegarde_wolves
ENG-Premier League,25/26,Crystal Palace,Walter Benítez,ARG,GK,33-111,1993,1,1,90,1.0,0,0,0,0,0,0,0,0,,,,,,,,0.00,0.00,0.00,0.00,0.00,,,,,,,,,,,,,,,,,,,,,,,,,,,,,,,,,,,walter_benitez_crystal_palace
ENG-Premier League,25/26,Tottenham,Rodrigo Bentancur,URU,MF,28-319,1997,23,20,1632,18.1,1,1,2,1,0,0,7,0,,,,,,,,0.06,0.06,0.11,0.06,0.11,,,,,,,,,,,,,,,,,,,,,,,,,,,,,,,,,,,rodrigo_bentancur_tottenham
ENG-Premier League,25/26,Wolves,Daniel Bentley,ENG,GK,32-301,1993,3,3,270,3.0,0,0,0,0,0,0,0,0,,,,,,,,0.00,0.00,0.00,0.00,0.00,,,,,,,,,,,,,,,,,,,,,,,,,,,,,,,,,,,daniel_bentley_wolves
ENG-Premier League,25/26,Fulham,Sander Berge,NOR,MF,28-085,1998,33,32,2770,30.8,0,1,1,0,0,0,5,0,,,,,,,,0.00,0.03,0.03,0.00,0.03,,,,,,,,,,,,,,,,,,,,,,,,,,,,,,,,,,,sander_berge_fulham
ENG-Premier League,25/26,Tottenham,Lucas Bergvall,SWE,MF,20-097,2006,22,11,955,10.6,1,3,4,1,0,0,2,0,,,,,,,,0.09,0.28,0.38,0.09,0.38,,,,,,,,,,,,,,,,,,,,,,,,,,,,,,,,,,,lucas_bergvall_tottenham
ENG-Premier League,25/26,Everton,Beto,GNB,FW,28-099,1998,34,15,1420,15.8,8,1,9,8,0,0,3,0,,,,,,,,0.51,0.06,0.57,0.51,0.57,,,,,,,,,,,,,,,,,,,,,,,,,,,,,,,,,,,beto_everton
ENG-Premier League,25/26,Leeds United,Jaka Bijol,SVN,DF,27-094,1999,22,18,1641,18.2,1,2,3,1,0,0,3,0,,,,,,,,0.05,0.11,0.16,0.05,0.16,,,,,,,,,,,,,,,,,,,,,,,,,,,,,,,,,,,jaka_bijol_leeds_united
ENG-Premier League,25/26,Tottenham,Yves Bissouma,MLI,MF,29-253,1996,11,7,603,6.7,0,0,0,0,0,0,4,0,,,,,,,,0.00,0.00,0.00,0.00,0.00,,,,,,,,,,,,,,,,,,,,,,,,,,,,,,,,,,,yves_bissouma_tottenham
ENG-Premier League,25/26,Aston Villa,Marco Bizot,NED,GK,35-061,1991,6,5,495,5.5,0,0,0,0,0,0,2,0,,,,,,,,0.00,0.00,0.00,0.00,0.00,,,,,,,,,,,,,,,,,,,,,,,,,,,,,,,,,,,marco_bizot_aston_villa
ENG-Premier League,25/26,Manchester City,Oscar Bobb,NOR,"MF,FW",22-302,2003,9,5,468,5.2,0,1,1,0,0,0,1,0,,,,,,,,0.00,0.19,0.19,0.00,0.19,,,,,,,,,,,,,,,,,,,,,,,,,,,,,,,,,,,oscar_bobb_manchester_city
ENG-Premier League,25/26,Fulham,Oscar Bobb,NOR,MF,22-302,2003,12,4,422,4.7,0,0,0,0,0,0,0,0,,,,,,,,0.00,0.00,0.00,0.00,0.00,,,,,,,,,,,,,,,,,,,,,,,,,,,,,,,,,,,oscar_bobb_fulham
ENG-Premier League,25/26,Aston Villa,Lamare Bogarde,NED,"MF,DF",22-125,2004,26,10,970,10.8,0,0,0,0,0,0,5,0,,,,,,,,0.00,0.00,0.00,0.00,0.00,,,,,,,,,,,,,,,,,,,,,,,,,,,,,,,,,,,lamare_bogarde_aston_villa
ENG-Premier League,25/26,Leeds United,Jayden Bogle,ENG,"MF,DF",25-287,2000,33,31,2716,30.2,1,2,3,1,0,0,6,0,,,,,,,,0.03,0.07,0.10,0.03,0.10,,,,,,,,,,,,,,,,,,,,,,,,,,,,,,,,,,,jayden_bogle_leeds_united
ENG-Premier League,25/26,Leeds United,Sebastiaan Bornauw,BEL,DF,27-049,1999,9,4,304,3.4,0,0,0,0,0,0,1,0,,,,,,,,0.00,0.00,0.00,0.00,0.00,,,,,,,,,,,,,,,,,,,,,,,,,,,,,,,,,,,sebastiaan_bornauw_leeds_united
ENG-Premier League,25/26,Brighton,Olivier Boscagli,FRA,DF,28-173,1997,12,9,802,8.9,0,1,1,0,0,0,2,0,,,,,,,,0.00,0.11,0.11,0.00,0.11,,,,,,,,,,,,,,,,,,,,,,,,,,,,,,,,,,,olivier_boscagli_brighton
ENG-Premier League,25/26,Newcastle Utd,Sven Botman,NED,DF,26-118,2000,22,18,1565,17.4,1,1,2,1,0,0,2,0,,,,,,,,0.06,0.06,0.12,0.06,0.12,,,,,,,,,,,,,,,,,,,,,,,,,,,,,,,,,,,sven_botman_newcastle_utd
ENG-Premier League,25/26,West Ham,Jarrod Bowen,ENG,"MF,FW",29-141,1996,35,35,3133,34.8,8,10,18,7,1,1,4,0,,,,,,,,0.23,0.29,0.52,0.20,0.49,,,,,,,,,,,,,,,,,,,,,,,,,,,,,,,,,,,jarrod_bowen_west_ham
ENG-Premier League,25/26,Liverpool,Conor Bradley,NIR,DF,22-305,2003,15,12,929,10.3,0,1,1,0,0,0,5,0,,,,,,,,0.00,0.10,0.10,0.00,0.10,,,,,,,,,,,,,,,,,,,,,,,,,,,,,,,,,,,conor_bradley_liverpool
ENG-Premier League,25/26,Everton,Jarrad Branthwaite,ENG,DF,23-317,2002,10,7,680,7.6,1,0,1,1,0,0,1,0,,,,,,,,0.13,0.00,0.13,0.13,0.13,,,,,,,,,,,,,,,,,,,,,,,,,,,,,,,,,,,jarrad_branthwaite_everton
ENG-Premier League,25/26,Sunderland,Brian Brobbey,NED,FW,24-098,2002,29,20,1791,19.9,6,1,7,6,0,0,6,0,,,,,,,,0.30,0.05,0.35,0.30,0.35,,,,,,,,,,,,,,,,,,,,,,,,,,,,,,,,,,,brian_brobbey_sunderland
ENG-Premier League,25/26,Burnley,Armando Broja,ALB,FW,24-242,2001,24,8,860,9.6,1,1,2,1,0,0,0,0,,,,,,,,0.10,0.10,0.21,0.10,0.21,,,,,,,,,,,,,,,,,,,,,,,,,,,,,,,,,,,armando_broja_burnley
ENG-Premier League,25/26,Bournemouth,David Brooks,WAL,MF,28-306,1997,30,13,1197,13.3,1,3,4,1,0,0,7,0,,,,,,,,0.08,0.23,0.30,0.08,0.30,,,,,,,,,,,,,,,,,,,,,,,,,,,,,,,,,,,david_brooks_bournemouth
ENG-Premier League,25/26,Burnley,Jacob Bruun Larsen,DEN,"MF,FW",27-233,1998,25,10,1011,11.2,0,1,1,0,0,0,0,0,,,,,,,,0.00,0.09,0.09,0.00,0.09,,,,,,,,,,,,,,,,,,,,,,,,,,,,,,,,,,,jacob_bruun_larsen_burnley
ENG-Premier League,25/26,Aston Villa,Emi Buendía,ARG,MF,29-136,1996,33,19,1564,17.4,6,2,8,6,0,0,6,0,,,,,,,,0.35,0.12,0.46,0.35,0.46,,,,,,,,,,,,,,,,,,,,,,,,,,,,,,,,,,,emi_buendia_aston_villa
ENG-Premier League,25/26,Wolves,Hugo Bueno,ESP,"MF,DF",23-234,2002,33,26,2343,26.0,1,2,3,1,0,0,3,0,,,,,,,,0.04,0.08,0.12,0.04,0.12,,,,,,,,,,,,,,,,,,,,,,,,,,,,,,,,,,,hugo_bueno_wolves
ENG-Premier League,25/26,Wolves,Santiago Bueno,URU,DF,27-182,1998,27,26,2373,26.4,3,1,4,3,0,0,4,0,,,,,,,,0.11,0.04,0.15,0.11,0.15,,,,,,,,,,,,,,,,,,,,,,,,,,,,,,,,,,,santiago_bueno_wolves
ENG-Premier League,25/26,Chelsea,Facundo Buonanotte,ARG,MF,21-138,2004,1,1,45,0.5,0,0,0,0,0,0,0,0,,,,,,,,0.00,0.00,0.00,0.00,0.00,,,,,,,,,,,,,,,,,,,,,,,,,,,,,,,,,,,facundo_buonanotte_chelsea
ENG-Premier League,25/26,Leeds United,Facundo Buonanotte,ARG,MF,21-138,2004,2,0,26,0.3,0,0,0,0,0,0,1,0,,,,,,,,0.00,0.00,0.00,0.00,0.00,,,,,,,,,,,,,,,,,,,,,,,,,,,,,,,,,,,facundo_buonanotte_leeds_united
ENG-Premier League,25/26,Newcastle Utd,Dan Burn,ENG,DF,34-001,1992,26,23,2010,22.3,1,2,3,1,0,0,11,1,,,,,,,,0.04,0.09,0.13,0.04,0.13,,,,,,,,,,,,,,,,,,,,,,,,,,,,,,,,,,,dan_burn_newcastle_utd
ENG-Premier League,25/26,Aston Villa,Bradley Burrowes,ENG,MF,18-067,2008,1,0,17,0.2,0,0,0,0,0,0,0,0,,,,,,,,0.00,0.00,0.00,0.00,0.00,,,,,,,,,,,,,,,,,,,,,,,,,,,,,,,,,,,bradley_burrowes_aston_villa
ENG-Premier League,25/26,Tottenham,Jun'ai Byfield,ENG,DF,17-155,2008,1,0,1,0.0,0,0,0,0,0,0,0,0,,,,,,,,0.00,0.00,0.00,0.00,0.00,,,,,,,,,,,,,,,,,,,,,,,,,,,,,,,,,,,jun_ai_byfield_tottenham
ENG-Premier League,25/26,Leeds United,Sam Byram,ENG,"DF,MF",32-236,1993,1,0,8,0.1,0,0,0,0,0,0,0,0,,,,,,,,0.00,0.00,0.00,0.00,0.00,,,,,,,,,,,,,,,,,,,,,,,,,,,,,,,,,,,sam_byram_leeds_united
ENG-Premier League,25/26,Chelsea,Moisés Caicedo,ECU,MF,24-189,2001,31,30,2621,29.1,3,1,4,3,0,0,11,1,,,,,,,,0.10,0.03,0.14,0.10,0.14,,,,,,,,,,,,,,,,,,,,,,,,,,,,,,,,,,,moises_caicedo_chelsea
ENG-Premier League,25/26,Fulham,Tom Cairney,SCO,MF,35-110,1991,23,6,744,8.3,1,0,1,1,0,0,3,0,,,,,,,,0.12,0.00,0.12,0.12,0.12,,,,,,,,,,,,,,,,,,,,,,,,,,,,,,,,,,,tom_cairney_fulham
ENG-Premier League,25/26,Arsenal,Riccardo Calafiori,ITA,DF,23-356,2002,23,19,1538,17.1,1,2,3,1,0,0,5,0,,,,,,,,0.06,0.12,0.18,0.06,0.18,,,,,,,,,,,,,,,,,,,,,,,,,,,,,,,,,,,riccardo_calafiori_arsenal
ENG-Premier League,25/26,Leeds United,Dominic Calvert-Lewin,ENG,FW,29-055,1997,32,27,2473,27.5,12,1,13,9,3,4,2,0,,,,,,,,0.44,0.04,0.47,0.33,0.36,,,,,,,,,,,,,,,,,,,,,,,,,,,,,,,,,,,dominic_calvert_lewin_leeds_united
ENG-Premier League,25/26,Crystal Palace,Jaydee Canvot,FRA,DF,19-285,2006,17,11,1066,11.8,0,0,0,0,0,0,3,0,,,,,,,,0.00,0.00,0.00,0.00,0.00,,,,,,,,,,,,,,,,,,,,,,,,,,,,,,,,,,,jaydee_canvot_crystal_palace
ENG-Premier League,25/26,Brentford,Fabio Carvalho,POR,MF,23-253,2002,6,1,102,1.1,1,0,1,1,0,0,0,0,,,,,,,,0.88,0.00,0.88,0.88,0.88,,,,,,,,,,,,,,,,,,,,,,,,,,,,,,,,,,,fabio_carvalho_brentford
ENG-Premier League,25/26,Manchester Utd,Casemiro,BRA,MF,34-076,1992,33,32,2491,27.7,9,2,11,9,0,0,10,1,,,,,,,,0.33,0.07,0.40,0.33,0.40,,,,,,,,,,,,,,,,,,,,,,,,,,,,,,,,,,,casemiro_manchester_utd
ENG-Premier League,25/26,Aston Villa,Matty Cash,POL,DF,28-276,1997,32,32,2800,31.1,3,3,6,3,0,0,8,0,,,,,,,,0.10,0.10,0.19,0.10,0.19,,,,,,,,,,,,,,,,,,,,,,,,,,,,,,,,,,,matty_cash_aston_villa
ENG-Premier League,25/26,Fulham,Timothy Castagne,BEL,"DF,MF",30-156,1995,28,18,1665,18.5,0,0,0,0,0,0,4,0,,,,,,,,0.00,0.00,0.00,0.00,0.00,,,,,,,,,,,,,,,,,,,,,,,,,,,,,,,,,,,timothy_castagne_fulham
ENG-Premier League,25/26,West Ham,Valentín Castellanos,ARG,FW,27-219,1998,15,15,1166,13.0,4,0,4,4,0,0,5,0,,,,,,,,0.31,0.00,0.31,0.31,0.31,,,,,,,,,,,,,,,,,,,,,,,,,,,,,,,,,,,valentin_castellanos_west_ham
ENG-Premier League,25/26,Chelsea,Trevoh Chalobah,ENG,DF,26-309,1999,32,31,2740,30.4,3,0,3,3,0,0,3,1,,,,,,,,0.10,0.00,0.10,0.10,0.10,,,,,,,,,,,,,,,,,,,,,,,,,,,,,,,,,,,trevoh_chalobah_chelsea
ENG-Premier League,25/26,Manchester City,Rayan Cherki,FRA,MF,22-266,2003,30,19,1706,19.0,4,11,15,4,0,0,1,0,,,,,,,,0.21,0.58,0.79,0.21,0.79,,,,,,,,,,,,,,,,,,,,,,,,,,,,,,,,,,,rayan_cherki_manchester_city
ENG-Premier League,25/26,Liverpool,Federico Chiesa,ITA,MF,28-197,1997,25,1,314,3.5,2,1,3,2,0,0,3,0,,,,,,,,0.57,0.29,0.86,0.57,0.86,,,,,,,,,,,,,,,,,,,,,,,,,,,,,,,,,,,federico_chiesa_liverpool
ENG-Premier League,25/26,Wolves,Tawanda Chirewa,ZIM,MF,22-210,2003,2,0,27,0.3,0,0,0,0,0,0,0,0,,,,,,,,0.00,0.00,0.00,0.00,0.00,,,,,,,,,,,,,,,,,,,,,,,,,,,,,,,,,,,tawanda_chirewa_wolves
ENG-Premier League,25/26,Bournemouth,Ryan Christie,SCO,MF,31-077,1995,26,9,993,11.0,2,0,2,2,0,0,3,1,,,,,,,,0.18,0.00,0.18,0.18,0.18,,,,,,,,,,,,,,,,,,,,,,,,,,,,,,,,,,,ryan_christie_bournemouth
ENG-Premier League,25/26,Fulham,Samuel Chukwueze,NGA,MF,26-353,1999,22,10,1067,11.9,3,4,7,3,0,0,0,0,,,,,,,,0.25,0.34,0.59,0.25,0.59,,,,,,,,,,,,,,,,,,,,,,,,,,,,,,,,,,,samuel_chukwueze_fulham
ENG-Premier League,25/26,Sunderland,Dennis Cirkin,LVA,DF,24-034,2002,8,3,323,3.6,0,0,0,0,0,0,2,0,,,,,,,,0.00,0.00,0.00,0.00,0.00,,,,,,,,,,,,,,,,,,,,,,,,,,,,,,,,,,,dennis_cirkin_sunderland
ENG-Premier League,25/26,Crystal Palace,Nathaniel Clyne,ENG,MF,35-035,1991,8,6,495,5.5,0,1,1,0,0,0,1,0,,,,,,,,0.00,0.18,0.18,0.00,0.18,,,,,,,,,,,,,,,,,,,,,,,,,,,,,,,,,,,nathaniel_clyne_crystal_palace
ENG-Premier League,25/26,Everton,Séamus Coleman,IRL,DF,37-211,1988,3,1,11,0.1,0,0,0,0,0,0,0,0,,,,,,,,0.00,0.00,0.00,0.00,0.00,,,,,,,,,,,,,,,,,,,,,,,,,,,,,,,,,,,seamus_coleman_everton
ENG-Premier League,25/26,Brentford,Nathan Collins,IRL,DF,25-010,2001,33,30,2795,31.1,1,2,3,1,0,0,6,0,,,,,,,,0.03,0.06,0.10,0.03,0.10,,,,,,,,,,,,,,,,,,,,,,,,,,,,,,,,,,,nathan_collins_brentford
ENG-Premier League,25/26,Chelsea,Levi Colwill,ENG,DF,23-073,2003,2,1,135,1.5,0,0,0,0,0,0,0,0,,,,,,,,0.00,0.00,0.00,0.00,0.00,,,,,,,,,,,,,,,,,,,,,,,,,,,,,,,,,,,levi_colwill_chelsea
ENG-Premier League,25/26,Bournemouth,Lewis Cook,ENG,"MF,DF",29-096,1997,16,8,872,9.7,0,1,1,0,0,0,1,1,,,,,,,,0.00,0.10,0.10,0.00,0.10,,,,,,,,,,,,,,,,,,,,,,,,,,,,,,,,,,,lewis_cook_bournemouth
ENG-Premier League,25/26,Brighton,Diego Coppola,ITA,DF,22-133,2003,5,2,194,2.2,0,0,0,0,0,0,2,0,,,,,,,,0.00,0.00,0.00,0.00,0.00,,,,,,,,,,,,,,,,,,,,,,,,,,,,,,,,,,,diego_coppola_brighton
ENG-Premier League,25/26,Chelsea,Marc Cucurella,ESP,DF,27-292,1998,32,29,2527,28.1,1,4,5,1,0,0,7,1,,,,,,,,0.04,0.14,0.18,0.04,0.18,,,,,,,,,,,,,,,,,,,,,,,,,,,,,,,,,,,marc_cucurella_chelsea
ENG-Premier League,25/26,Fulham,Jorge Cuenca,ESP,DF,26-174,1999,14,11,933,10.4,0,0,0,0,0,0,5,0,,,,,,,,0.00,0.00,0.00,0.00,0.00,,,,,,,,,,,,,,,,,,,,,,,,,,,,,,,,,,,jorge_cuenca_fulham
ENG-Premier League,25/26,Burnley,Josh Cullen,IRL,MF,30-033,1996,18,18,1514,16.8,2,2,4,2,0,0,2,0,,,,,,,,0.12,0.12,0.24,0.12,0.24,,,,,,,,,,,,,,,,,,,,,,,,,,,,,,,,,,,josh_cullen_burnley
ENG-Premier League,25/26,Nott'ham Forest,Jair Cunha,BRA,DF,21-064,2005,6,4,358,4.0,0,0,0,0,0,0,0,0,,,,,,,,0.00,0.00,0.00,0.00,0.00,,,,,,,,,,,,,,,,,,,,,,,,,,,,,,,,,,,jair_cunha_nott_ham_forest
ENG-Premier League,25/26,Manchester Utd,Matheus Cunha,BRA,"MF,FW",26-348,1999,32,28,2415,26.8,9,2,11,9,0,0,4,0,,,,,,,,0.34,0.07,0.41,0.34,0.41,,,,,,,,,,,,,,,,,,,,,,,,,,,,,,,,,,,matheus_cunha_manchester_utd
ENG-Premier League,25/26,Manchester Utd,Diogo Dalot,POR,"DF,MF",27-053,1999,33,28,2524,28.0,1,3,4,1,0,0,5,0,,,,,,,,0.04,0.11,0.14,0.04,0.14,,,,,,,,,,,,,,,,,,,,,,,,,,,,,,,,,,,diogo_dalot_manchester_utd
ENG-Premier League,25/26,Brentford,Mikkel Damsgaard,DEN,MF,25-311,2000,31,23,1956,21.7,4,4,8,4,0,0,0,0,,,,,,,,0.18,0.18,0.37,0.18,0.37,,,,,,,,,,,,,,,,,,,,,,,,,,,,,,,,,,,mikkel_damsgaard_brentford
ENG-Premier League,25/26,Tottenham,Kevin Danso,AUT,DF,27-233,1998,21,14,1224,13.6,0,0,0,0,0,0,7,0,,,,,,,,0.00,0.00,0.00,0.00,0.00,,,,,,,,,,,,,,,,,,,,,,,,,,,,,,,,,,,kevin_danso_tottenham
ENG-Premier League,25/26,Leeds United,Karl Darlow,WAL,GK,35-214,1990,19,19,1710,19.0,0,0,0,0,0,0,1,0,,,,,,,,0.00,0.00,0.00,0.00,0.00,,,,,,,,,,,,,,,,,,,,,,,,,,,,,,,,,,,karl_darlow_leeds_united
ENG-Premier League,25/26,Brentford,Josh Dasilva,ENG,MF,27-199,1998,1,0,1,0.0,0,0,0,0,0,0,0,0,,,,,,,,0.00,0.00,0.00,0.00,0.00,,,,,,,,,,,,,,,,,,,,,,,,,,,,,,,,,,,josh_dasilva_brentford
ENG-Premier League,25/26,Tottenham,Ben Davies,WAL,DF,33-016,1993,3,2,137,1.5,1,0,1,1,0,0,1,0,,,,,,,,0.66,0.00,0.66,0.66,0.66,,,,,,,,,,,,,,,,,,,,,,,,,,,,,,,,,,,ben_davies_tottenham
ENG-Premier League,25/26,Brighton,Maxim De Cuyper,BEL,"DF,MF",25-139,2000,28,15,1280,14.2,2,3,5,2,0,0,2,0,,,,,,,,0.14,0.21,0.35,0.14,0.35,,,,,,,,,,,,,,,,,,,,,,,,,,,,,,,,,,,maxim_de_cuyper_brighton
ENG-Premier League,25/26,Chelsea,Liam Delap,ENG,FW,23-091,2003,26,11,1013,11.3,1,0,1,1,0,0,3,0,,,,,,,,0.09,0.00,0.09,0.09,0.09,,,,,,,,,,,,,,,,,,,,,,,,,,,,,,,,,,,liam_delap_chelsea
ENG-Premier League,25/26,Brentford,Sepp van den Berg,NED,DF,24-141,2001,30,29,2664,29.6,0,1,1,0,0,0,2,0,,,,,,,,0.00,0.03,0.03,0.00,0.03,,,,,,,,,,,,,,,,,,,,,,,,,,,,,,,,,,,sepp_van_den_berg_brentford
ENG-Premier League,25/26,Chelsea,Jesse Derry,ENG,MF,18-314,2007,1,1,44,0.5,0,0,0,0,0,0,0,0,,,,,,,,0.00,0.00,0.00,0.00,0.00,,,,,,,,,,,,,,,,,,,,,,,,,,,,,,,,,,,jesse_derry_chelsea
ENG-Premier League,25/26,Crystal Palace,Justin Devenny,NIR,"MF,FW",22-211,2003,20,6,706,7.8,1,0,1,0,1,1,0,0,,,,,,,,0.13,0.00,0.13,0.00,0.00,,,,,,,,,,,,,,,,,,,,,,,,,,,,,,,,,,,justin_devenny_crystal_palace
ENG-Premier League,25/26,Everton,Kiernan Dewsbury-Hall,ENG,MF,27-246,1998,28,27,2364,26.3,8,4,12,8,0,0,6,0,,,,,,,,0.30,0.15,0.46,0.30,0.46,,,,,,,,,,,,,,,,,,,,,,,,,,,,,,,,,,,kiernan_dewsbury_hall_everton
ENG-Premier League,25/26,Bournemouth,Bafodé Diakité,FRA,DF,25-124,2001,18,15,1277,14.2,0,0,0,0,0,0,1,0,,,,,,,,0.00,0.00,0.00,0.00,0.00,,,,,,,,,,,,,,,,,,,,,,,,,,,,,,,,,,,bafode_diakite_bournemouth
ENG-Premier League,25/26,Manchester Utd,Amad Diallo,CIV,MF,23-303,2002,30,25,2161,24.0,2,2,4,2,0,0,2,0,,,,,,,,0.08,0.08,0.17,0.08,0.17,,,,,,,,,,,,,,,,,,,,,,,,,,,,,,,,,,,amad_diallo_manchester_utd
ENG-Premier League,25/26,Sunderland,Habib Diarra,SEN,MF,22-127,2004,18,15,1361,15.1,2,1,3,1,1,1,5,0,,,,,,,,0.13,0.07,0.20,0.07,0.13,,,,,,,,,,,,,,,,,,,,,,,,,,,,,,,,,,,habib_diarra_sunderland
ENG-Premier League,25/26,Manchester City,Rúben Dias,POR,DF,28-361,1997,25,23,2051,22.8,2,0,2,2,0,0,3,0,,,,,,,,0.09,0.00,0.09,0.09,0.09,,,,,,,,,,,,,,,,,,,,,,,,,,,,,,,,,,,ruben_dias_manchester_city
ENG-Premier League,25/26,Everton,Tyler Dibling,ENG,MF,20-059,2006,14,4,358,4.0,0,0,0,0,0,0,2,0,,,,,,,,0.00,0.00,0.00,0.00,0.00,,,,,,,,,,,,,,,,,,,,,,,,,,,,,,,,,,,tyler_dibling_everton
ENG-Premier League,25/26,Aston Villa,Lucas Digne,FRA,DF,32-294,1993,29,20,1745,19.4,0,5,5,0,0,0,3,0,,,,,,,,0.00,0.26,0.26,0.00,0.26,,,,,,,,,,,,,,,,,,,,,,,,,,,,,,,,,,,lucas_digne_aston_villa
ENG-Premier League,25/26,Fulham,Issa Diop,MAR,DF,29-121,1997,11,6,641,7.1,0,0,0,0,0,0,2,0,,,,,,,,0.00,0.00,0.00,0.00,0.00,,,,,,,,,,,,,,,,,,,,,,,,,,,,,,,,,,,issa_diop_fulham
ENG-Premier League,25/26,West Ham,El Hadji Malick Diouf,SEN,"DF,MF",21-133,2004,29,27,2437,27.1,0,5,5,0,0,0,5,0,,,,,,,,0.00,0.18,0.18,0.00,0.18,,,,,,,,,,,,,,,,,,,,,,,,,,,,,,,,,,,el_hadji_malick_diouf_west_ham
ENG-Premier League,25/26,West Ham,Axel Disasi,FRA,DF,28-060,1998,11,11,990,11.0,0,0,0,0,0,0,1,0,,,,,,,,0.00,0.00,0.00,0.00,0.00,,,,,,,,,,,,,,,,,,,,,,,,,,,,,,,,,,,axel_disasi_west_ham
ENG-Premier League,25/26,Wolves,Matt Doherty,IRL,"DF,MF",34-114,1992,11,11,787,8.7,0,0,0,0,0,0,4,0,,,,,,,,0.00,0.00,0.00,0.00,0.00,,,,,,,,,,,,,,,,,,,,,,,,,,,,,,,,,,,matt_doherty_wolves
ENG-Premier League,25/26,Manchester City,Jeremy Doku,BEL,"MF,FW",23-348,2002,27,18,1662,18.5,5,5,10,5,0,0,0,0,,,,,,,,0.27,0.27,0.54,0.27,0.54,,,,,,,,,,,,,,,,,,,,,,,,,,,,,,,,,,,jeremy_doku_manchester_city
ENG-Premier League,25/26,Nott'ham Forest,Nicolás Domínguez,ARG,MF,27-316,1998,24,15,1035,11.5,1,1,2,1,0,0,3,0,,,,,,,,0.09,0.09,0.17,0.09,0.17,,,,,,,,,,,,,,,,,,,,,,,,,,,,,,,,,,,nicolas_dominguez_nott_ham_forest
ENG-Premier League,25/26,Manchester City,Gianluigi Donnarumma,ITA,GK,27-074,1999,32,32,2880,32.0,0,0,0,0,0,0,7,0,,,,,,,,0.00,0.00,0.00,0.00,0.00,,,,,,,,,,,,,,,,,,,,,,,,,,,,,,,,,,,gianluigi_donnarumma_manchester_city
ENG-Premier League,25/26,Brentford,Romelle Donovan,ENG,FW,19-161,2006,4,0,41,0.5,0,0,0,0,0,0,0,0,,,,,,,,0.00,0.00,0.00,0.00,0.00,,,,,,,,,,,,,,,,,,,,,,,,,,,,,,,,,,,romelle_donovan_brentford
ENG-Premier League,25/26,Manchester Utd,Patrick Dorgu,DEN,MF,21-196,2004,24,14,1377,15.3,3,3,6,3,0,0,5,0,,,,,,,,0.20,0.20,0.39,0.20,0.39,,,,,,,,,,,,,,,,,,,,,,,,,,,,,,,,,,,patrick_dorgu_manchester_utd
ENG-Premier League,25/26,Arsenal,Max Dowman,ENG,MF,16-130,2009,5,0,96,1.1,1,0,1,1,0,0,0,0,,,,,,,,0.94,0.00,0.94,0.94,0.94,,,,,,,,,,,,,,,,,,,,,,,,,,,,,,,,,,,max_dowman_arsenal
ENG-Premier League,25/26,Tottenham,Radu Drăgușin,ROU,DF,24-096,2002,9,5,516,5.7,0,0,0,0,0,0,0,0,,,,,,,,0.00,0.00,0.00,0.00,0.00,,,,,,,,,,,,,,,,,,,,,,,,,,,,,,,,,,,radu_dragusin_tottenham
ENG-Premier League,25/26,Crystal Palace,Joél Drakes-Thomas,ENG,MF,16-335,2009,2,0,9,0.1,0,0,0,0,0,0,0,0,,,,,,,,0.00,0.00,0.00,0.00,0.00,,,,,,,,,,,,,,,,,,,,,,,,,,,,,,,,,,,joel_drakes_thomas_crystal_palace
ENG-Premier League,25/26,Burnley,Martin Dúbravka,SVK,GK,37-115,1989,35,35,3150,35.0,0,0,0,0,0,0,1,0,,,,,,,,0.00,0.00,0.00,0.00,0.00,,,,,,,,,,,,,,,,,,,,,,,,,,,,,,,,,,,martin_dubravka_burnley
ENG-Premier League,25/26,Brighton,Lewis Dunk,ENG,DF,34-170,1991,31,29,2658,29.5,1,0,1,1,0,0,10,0,,,,,,,,0.03,0.00,0.03,0.03,0.03,,,,,,,,,,,,,,,,,,,,,,,,,,,,,,,,,,,lewis_dunk_brighton
ENG-Premier League,25/26,West Ham,George Earthy,ENG,MF,21-247,2004,1,0,9,0.1,0,0,0,0,0,0,0,0,,,,,,,,0.00,0.00,0.00,0.00,0.00,,,,,,,,,,,,,,,,,,,,,,,,,,,,,,,,,,,george_earthy_west_ham
ENG-Premier League,25/26,Crystal Palace,Odsonne Édouard,FRA,FW,28-114,1998,1,0,3,0.0,0,0,0,0,0,0,0,0,,,,,,,,0.00,0.00,0.00,0.00,0.00,,,,,,,,,,,,,,,,,,,,,,,,,,,,,,,,,,,odsonne_edouard_crystal_palace
ENG-Premier League,25/26,Wolves,Tom Edozie,ENG,MF,19-357,2006,3,0,14,0.2,1,0,1,1,0,0,0,0,,,,,,,,6.43,0.00,6.43,6.43,6.43,,,,,,,,,,,,,,,,,,,,,,,,,,,,,,,,,,,tom_edozie_wolves
ENG-Premier League,25/26,Aston Villa,Alysson Edward,BRA,MF,20-005,2006,3,0,49,0.5,0,0,0,0,0,0,0,0,,,,,,,,0.00,0.00,0.00,0.00,0.00,,,,,,,,,,,,,,,,,,,,,,,,,,,,,,,,,,,alysson_edward_aston_villa
ENG-Premier League,25/26,Burnley,Marcus Edwards,ENG,"MF,FW",27-158,1998,22,11,1051,11.7,1,3,4,1,0,0,0,0,,,,,,,,0.09,0.26,0.34,0.09,0.34,,,,,,,,,,,,,,,,,,,,,,,,,,,,,,,,,,,marcus_edwards_burnley
ENG-Premier League,25/26,Burnley,Hjalmar Ekdal,SWE,DF,27-201,1998,19,17,1539,17.1,0,0,0,0,0,0,0,0,,,,,,,,0.00,0.00,0.00,0.00,0.00,,,,,,,,,,,,,,,,,,,,,,,,,,,,,,,,,,,hjalmar_ekdal_burnley
ENG-Premier League,25/26,Liverpool,Hugo Ekitike,FRA,FW,23-324,2002,28,21,1803,20.0,11,4,15,11,0,0,0,0,,,,,,,,0.55,0.20,0.75,0.55,0.75,,,,,,,,,,,,,,,,,,,,,,,,,,,,,,,,,,,hugo_ekitike_liverpool
ENG-Premier League,25/26,Newcastle Utd,Anthony Elanga,SWE,"FW,MF",24-013,2002,30,14,1288,14.3,0,1,1,0,0,0,0,0,,,,,,,,0.00,0.07,0.07,0.00,0.07,,,,,,,,,,,,,,,,,,,,,,,,,,,,,,,,,,,anthony_elanga_newcastle_utd
ENG-Premier League,25/26,Sunderland,Melker Ellborg,SWE,GK,22-353,2003,3,3,270,3.0,0,0,0,0,0,0,0,0,,,,,,,,0.00,0.00,0.00,0.00,0.00,,,,,,,,,,,,,,,,,,,,,,,,,,,,,,,,,,,melker_ellborg_sunderland
ENG-Premier League,25/26,Aston Villa,Harvey Elliott,ENG,MF,23-036,2003,4,1,112,1.2,0,0,0,0,0,0,0,0,,,,,,,,0.00,0.00,0.00,0.00,0.00,,,,,,,,,,,,,,,,,,,,,,,,,,,,,,,,,,,harvey_elliott_aston_villa
ENG-Premier League,25/26,Liverpool,Harvey Elliott,ENG,"FW,MF",23-036,2003,1,0,1,0.0,0,0,0,0,0,0,0,0,,,,,,,,0.00,0.00,0.00,0.00,0.00,,,,,,,,,,,,,,,,,,,,,,,,,,,,,,,,,,,harvey_elliott_liverpool
ENG-Premier League,25/26,Liverpool,Wataru Endo,JPN,DF,33-090,1993,8,1,175,1.9,0,1,1,0,0,0,1,0,,,,,,,,0.00,0.51,0.51,0.00,0.51,,,,,,,,,,,,,,,,,,,,,,,,,,,,,,,,,,,wataru_endo_liverpool
ENG-Premier League,25/26,Crystal Palace,Romain Esse,ENG,MF,20-362,2005,4,0,44,0.5,0,0,0,0,0,0,0,0,,,,,,,,0.00,0.00,0.00,0.00,0.00,,,,,,,,,,,,,,,,,,,,,,,,,,,,,,,,,,,romain_esse_crystal_palace
ENG-Premier League,25/26,Chelsea,Dario Essugo,POR,MF,21-057,2005,2,0,28,0.3,0,0,0,0,0,0,1,0,,,,,,,,0.00,0.00,0.00,0.00,0.00,,,,,,,,,,,,,,,,,,,,,,,,,,,,,,,,,,,dario_essugo_chelsea
ENG-Premier League,25/26,Burnley,Maxime Estève,FRA,DF,23-349,2002,32,32,2761,30.7,0,0,0,0,0,0,1,0,,,,,,,,0.00,0.00,0.00,0.00,0.00,,,,,,,,,,,,,,,,,,,,,,,,,,,,,,,,,,,maxime_esteve_burnley
ENG-Premier League,25/26,Bournemouth,Evanilson,BRA,FW,26-216,1999,34,30,2582,28.7,6,1,7,6,0,0,2,0,,,,,,,,0.21,0.03,0.24,0.21,0.24,,,,,,,,,,,,,,,,,,,,,,,,,,,,,,,,,,,evanilson_bournemouth
ENG-Premier League,25/26,Arsenal,Eberechi Eze,ENG,"MF,FW",27-315,1998,29,19,1658,18.4,7,2,9,7,0,0,1,0,,,,,,,,0.38,0.11,0.49,0.38,0.49,,,,,,,,,,,,,,,,,,,,,,,,,,,,,,,,,,,eberechi_eze_arsenal
ENG-Premier League,25/26,Crystal Palace,Eberechi Eze,ENG,MF,27-315,1998,1,1,83,0.9,0,0,0,0,0,0,0,0,,,,,,,,0.00,0.00,0.00,0.00,0.00,,,,,,,,,,,,,,,,,,,,,,,,,,,,,,,,,,,eberechi_eze_crystal_palace
ENG-Premier League,25/26,Manchester Utd,Bruno Fernandes,POR,MF,31-244,1994,33,33,2883,32.0,8,19,27,4,4,6,5,0,,,,,,,,0.25,0.59,0.84,0.12,0.72,,,,,,,,,,,,,,,,,,,,,,,,,,,,,,,,,,,bruno_fernandes_manchester_utd
ENG-Premier League,25/26,West Ham,Mateus Fernandes,POR,MF,21-304,2004,33,32,2746,30.5,3,3,6,3,0,0,7,0,,,,,,,,0.10,0.10,0.20,0.10,0.20,,,,,,,,,,,,,,,,,,,,,,,,,,,,,,,,,,,mateus_fernandes_west_ham
ENG-Premier League,25/26,Chelsea,Enzo Fernández,ARG,MF,25-113,2001,34,33,2935,32.6,9,3,12,7,2,2,9,0,,,,,,,,0.28,0.09,0.37,0.21,0.31,,,,,,,,,,,,,,,,,,,,,,,,,,,,,,,,,,,enzo_fernandez_chelsea
ENG-Premier League,25/26,Burnley,Zian Flemming,NED,FW,27-282,1998,26,18,1517,16.9,9,0,9,7,2,2,3,0,,,,,,,,0.53,0.00,0.53,0.42,0.42,,,,,,,,,,,,,,,,,,,,,,,,,,,,,,,,,,,zian_flemming_burnley
ENG-Premier League,25/26,Manchester Utd,Jack Fletcher,ENG,MF,19-052,2007,3,0,108,1.2,0,0,0,0,0,0,0,0,,,,,,,,0.00,0.00,0.00,0.00,0.00,,,,,,,,,,,,,,,,,,,,,,,,,,,,,,,,,,,jack_fletcher_manchester_utd
ENG-Premier League,25/26,Manchester Utd,Tyler Fletcher,SCO,MF,19-052,2007,1,0,1,0.0,0,0,0,0,0,0,0,0,,,,,,,,0.00,0.00,0.00,0.00,0.00,,,,,,,,,,,,,,,,,,,,,,,,,,,,,,,,,,,tyler_fletcher_manchester_utd
ENG-Premier League,25/26,Manchester City,Phil Foden,ENG,MF,25-347,2000,30,21,1880,20.9,7,3,10,7,0,0,4,0,,,,,,,,0.34,0.14,0.48,0.34,0.48,,,,,,,,,,,,,,,,,,,,,,,,,,,,,,,,,,,phil_foden_manchester_city
ENG-Premier League,25/26,Chelsea,Wesley Fofana,FRA,DF,25-144,2000,23,18,1581,17.6,0,1,1,0,0,0,7,1,,,,,,,,0.00,0.06,0.06,0.00,0.06,,,,,,,,,,,,,,,,,,,,,,,,,,,,,,,,,,,wesley_fofana_chelsea
ENG-Premier League,25/26,Burnley,Lyle Foster,RSA,"FW,MF",25-249,2000,25,15,1349,15.0,3,2,5,3,0,0,4,0,,,,,,,,0.20,0.13,0.33,0.20,0.33,,,,,,,,,,,,,,,,,,,,,,,,,,,,,,,,,,,lyle_foster_burnley
ENG-Premier League,25/26,Manchester Utd,Tyler Fredricson,ENG,DF,21-076,2005,1,0,3,0.0,0,0,0,0,0,0,0,0,,,,,,,,0.00,0.00,0.00,0.00,0.00,,,,,,,,,,,,,,,,,,,,,,,,,,,,,,,,,,,tyler_fredricson_manchester_utd
ENG-Premier League,25/26,Liverpool,Jeremie Frimpong,NED,"DF,MF",25-151,2000,20,12,1023,11.4,0,1,1,0,0,0,1,0,,,,,,,,0.00,0.09,0.09,0.00,0.09,,,,,,,,,,,,,,,,,,,,,,,,,,,,,,,,,,,jeremie_frimpong_liverpool
ENG-Premier League,25/26,West Ham,Niclas Füllkrug,GER,FW,33-090,1993,8,5,409,4.5,0,0,0,0,0,0,0,0,,,,,,,,0.00,0.00,0.00,0.00,0.00,,,,,,,,,,,,,,,,,,,,,,,,,,,,,,,,,,,niclas_fullkrug_west_ham
ENG-Premier League,25/26,Brentford,Kaye Furo,BEL,FW,19-093,2007,1,0,1,0.0,0,0,0,0,0,0,0,0,,,,,,,,0.00,0.00,0.00,0.00,0.00,,,,,,,,,,,,,,,,,,,,,,,,,,,,,,,,,,,kaye_furo_brentford
ENG-Premier League,25/26,Liverpool,Cody Gakpo,NED,"MF,FW",27-003,1999,34,30,2574,28.6,7,5,12,7,0,0,3,0,,,,,,,,0.24,0.17,0.42,0.24,0.42,,,,,,,,,,,,,,,,,,,,,,,,,,,,,,,,,,,cody_gakpo_liverpool
ENG-Premier League,25/26,Tottenham,Conor Gallagher,ENG,MF,26-093,2000,13,11,923,10.3,1,1,2,1,0,0,2,0,,,,,,,,0.10,0.10,0.20,0.10,0.20,,,,,,,,,,,,,,,,,,,,,,,,,,,,,,,,,,,conor_gallagher_tottenham
ENG-Premier League,25/26,Everton,Idrissa Gana Gueye,SEN,MF,36-226,1989,25,25,2093,23.3,2,3,5,2,0,0,1,1,,,,,,,,0.09,0.13,0.22,0.09,0.22,,,,,,,,,,,,,,,,,,,,,,,,,,,,,,,,,,,idrissa_gana_gueye_everton
ENG-Premier League,25/26,Bournemouth,Ben Gannon-Doak,SCO,MF,20-180,2005,7,0,79,0.9,0,1,1,0,0,0,0,0,,,,,,,,0.00,1.14,1.14,0.00,1.14,,,,,,,,,,,,,,,,,,,,,,,,,,,,,,,,,,,ben_gannon_doak_bournemouth
ENG-Premier League,25/26,Aston Villa,Andrés García,ESP,DF,23-092,2003,5,0,41,0.5,0,0,0,0,0,0,0,0,,,,,,,,0.00,0.00,0.00,0.00,0.00,,,,,,,,,,,,,,,,,,,,,,,,,,,,,,,,,,,andres_garcia_aston_villa
ENG-Premier League,25/26,Chelsea,Alejandro Garnacho,ARG,MF,21-313,2004,23,14,1266,14.1,1,4,5,1,0,0,2,0,,,,,,,,0.07,0.28,0.36,0.07,0.36,,,,,,,,,,,,,,,,,,,,,,,,,,,,,,,,,,,alejandro_garnacho_chelsea
ENG-Premier League,25/26,Everton,James Garner,ENG,"MF,DF",25-058,2001,35,35,3143,34.9,2,7,9,2,0,0,10,0,,,,,,,,0.06,0.20,0.26,0.06,0.26,,,,,,,,,,,,,,,,,,,,,,,,,,,,,,,,,,,james_garner_everton
ENG-Premier League,25/26,Sunderland,Lutsharel Geertruida,NED,"DF,MF",25-296,2000,26,15,1513,16.8,0,0,0,0,0,0,1,0,,,,,,,,0.00,0.00,0.00,0.00,0.00,,,,,,,,,,,,,,,,,,,,,,,,,,,,,,,,,,,lutsharel_geertruida_sunderland
ENG-Premier League,25/26,Chelsea,Tyrique George,ENG,FW,20-095,2006,4,0,145,1.6,0,0,0,0,0,0,2,0,,,,,,,,0.00,0.00,0.00,0.00,0.00,,,,,,,,,,,,,,,,,,,,,,,,,,,,,,,,,,,tyrique_george_chelsea
ENG-Premier League,25/26,Everton,Tyrique George,ENG,MF,20-095,2006,8,1,160,1.8,0,0,0,0,0,0,0,0,,,,,,,,0.00,0.00,0.00,0.00,0.00,,,,,,,,,,,,,,,,,,,,,,,,,,,,,,,,,,,tyrique_george_everton
ENG-Premier League,25/26,Nott'ham Forest,Morgan Gibbs-White,ENG,MF,26-103,2000,35,33,2917,32.4,13,4,17,12,1,1,1,0,,,,,,,,0.40,0.12,0.52,0.37,0.49,,,,,,,,,,,,,,,,,,,,,,,,,,,,,,,,,,,morgan_gibbs_white_nott_ham_forest
ENG-Premier League,25/26,Chelsea,Jamie Gittens,ENG,MF,21-275,2004,16,5,495,5.5,0,2,2,0,0,0,0,0,,,,,,,,0.00,0.36,0.36,0.00,0.36,,,,,,,,,,,,,,,,,,,,,,,,,,,,,,,,,,,jamie_gittens_chelsea
ENG-Premier League,25/26,Leeds United,Wilfried Gnonto,ITA,FW,22-186,2003,20,4,456,5.1,0,1,1,0,0,0,3,0,,,,,,,,0.00,0.20,0.20,0.00,0.20,,,,,,,,,,,,,,,,,,,,,,,,,,,,,,,,,,,wilfried_gnonto_leeds_united
ENG-Premier League,25/26,Wolves,Angel Gomes,ENG,"MF,FW",25-252,2000,11,6,396,4.4,0,0,0,0,0,0,1,0,,,,,,,,0.00,0.00,0.00,0.00,0.00,,,,,,,,,,,,,,,,,,,,,,,,,,,,,,,,,,,angel_gomes_wolves
ENG-Premier League,25/26,Wolves,João Gomes,BRA,MF,25-087,2001,34,31,2739,30.4,1,1,2,1,0,0,10,0,,,,,,,,0.03,0.03,0.07,0.03,0.07,,,,,,,,,,,,,,,,,,,,,,,,,,,,,,,,,,,joao_gomes_wolves
ENG-Premier League,25/26,Wolves,Rodrigo Gomes,POR,"MF,FW",22-307,2003,20,7,795,8.8,3,0,3,3,0,0,0,0,,,,,,,,0.34,0.00,0.34,0.34,0.34,,,,,,,,,,,,,,,,,,,,,,,,,,,,,,,,,,,rodrigo_gomes_wolves
ENG-Premier League,25/26,Wolves,Toti Gomes,POR,DF,27-114,1999,18,17,1399,15.5,0,0,0,0,0,0,2,1,,,,,,,,0.00,0.00,0.00,0.00,0.00,,,,,,,,,,,,,,,,,,,,,,,,,,,,,,,,,,,toti_gomes_wolves
ENG-Premier League,25/26,Brighton,Diego Gómez,PAR,"MF,FW",23-044,2003,30,25,2036,22.6,5,1,6,5,0,0,9,0,,,,,,,,0.22,0.04,0.27,0.22,0.27,,,,,,,,,,,,,,,,,,,,,,,,,,,,,,,,,,,diego_gomez_brighton
ENG-Premier League,25/26,Liverpool,Joe Gomez,ENG,DF,28-352,1997,19,6,540,6.0,0,2,2,0,0,0,3,0,,,,,,,,0.00,0.33,0.33,0.00,0.33,,,,,,,,,,,,,,,,,,,,,,,,,,,,,,,,,,,joe_gomez_liverpool
ENG-Premier League,25/26,Manchester City,Nicolás González,ESP,MF,24-127,2002,24,16,1479,16.4,1,0,1,1,0,0,6,0,,,,,,,,0.06,0.00,0.06,0.06,0.06,,,,,,,,,,,,,,,,,,,,,,,,,,,,,,,,,,,nicolas_gonzalez_manchester_city
ENG-Premier League,25/26,Newcastle Utd,Anthony Gordon,ENG,FW,25-075,2001,26,24,1795,19.9,6,2,8,3,3,3,3,1,,,,,,,,0.30,0.10,0.40,0.15,0.25,,,,,,,,,,,,,,,,,,,,,,,,,,,,,,,,,,,anthony_gordon_newcastle_utd
ENG-Premier League,25/26,Liverpool,Ryan Gravenberch,NED,MF,23-359,2002,34,32,2845,31.6,5,3,8,5,0,0,5,0,,,,,,,,0.16,0.09,0.25,0.16,0.25,,,,,,,,,,,,,,,,,,,,,,,,,,,,,,,,,,,ryan_gravenberch_liverpool
ENG-Premier League,25/26,Tottenham,Archie Gray,ENG,"MF,DF",20-059,2006,23,18,1469,16.3,2,2,4,2,0,0,5,0,,,,,,,,0.12,0.12,0.25,0.12,0.25,,,,,,,,,,,,,,,,,,,,,,,,,,,,,,,,,,,archie_gray_tottenham
ENG-Premier League,25/26,Everton,Jack Grealish,ENG,MF,30-242,1995,20,18,1627,18.1,2,6,8,2,0,0,5,1,,,,,,,,0.11,0.33,0.44,0.11,0.44,,,,,,,,,,,,,,,,,,,,,,,,,,,,,,,,,,,jack_grealish_everton
ENG-Premier League,25/26,Brighton,Pascal Groß,GER,MF,34-329,1991,17,16,1456,16.2,1,3,4,1,0,0,2,0,,,,,,,,0.06,0.19,0.25,0.06,0.25,,,,,,,,,,,,,,,,,,,,,,,,,,,,,,,,,,,pascal_gro_brighton
ENG-Premier League,25/26,Brighton,Brajan Gruda,GER,MF,21-344,2004,18,8,719,8.0,1,1,2,1,0,0,2,0,,,,,,,,0.13,0.13,0.25,0.13,0.25,,,,,,,,,,,,,,,,,,,,,,,,,,,,,,,,,,,brajan_gruda_brighton
ENG-Premier League,25/26,Leeds United,Ilia Gruev,BUL,MF,26-004,2000,23,15,1323,14.7,0,3,3,0,0,0,3,0,,,,,,,,0.00,0.20,0.20,0.00,0.20,,,,,,,,,,,,,,,,,,,,,,,,,,,,,,,,,,,ilia_gruev_leeds_united
ENG-Premier League,25/26,Leeds United,Gabriel Gudmundsson,SWE,"DF,MF",27-011,1999,32,31,2631,29.2,0,0,0,0,0,0,6,1,,,,,,,,0.00,0.00,0.00,0.00,0.00,,,,,,,,,,,,,,,,,,,,,,,,,,,,,,,,,,,gabriel_gudmundsson_leeds_united
ENG-Premier League,25/26,Crystal Palace,Marc Guéhi,ENG,DF,25-301,2000,20,20,1800,20.0,2,2,4,2,0,0,4,0,,,,,,,,0.10,0.10,0.20,0.10,0.20,,,,,,,,,,,,,,,,,,,,,,,,,,,,,,,,,,,marc_guehi_crystal_palace
ENG-Premier League,25/26,Manchester City,Marc Guéhi,ENG,DF,25-301,2000,13,13,1170,13.0,1,1,2,1,0,0,2,0,,,,,,,,0.08,0.08,0.15,0.08,0.15,,,,,,,,,,,,,,,,,,,,,,,,,,,,,,,,,,,marc_guehi_manchester_city
ENG-Premier League,25/26,Aston Villa,Evann Guessand,CIV,MF,24-313,2001,13,6,588,6.5,0,1,1,0,0,0,0,0,,,,,,,,0.00,0.15,0.15,0.00,0.15,,,,,,,,,,,,,,,,,,,,,,,,,,,,,,,,,,,evann_guessand_aston_villa
ENG-Premier League,25/26,Crystal Palace,Evann Guessand,CIV,MF,24-313,2001,6,3,300,3.3,1,1,2,1,0,0,0,0,,,,,,,,0.30,0.30,0.60,0.30,0.60,,,,,,,,,,,,,,,,,,,,,,,,,,,,,,,,,,,evann_guessand_crystal_palace
ENG-Premier League,25/26,West Ham,Luis Guilherme,BRA,FW,20-090,2006,5,1,125,1.4,0,0,0,0,0,0,0,0,,,,,,,,0.00,0.00,0.00,0.00,0.00,,,,,,,,,,,,,,,,,,,,,,,,,,,,,,,,,,,luis_guilherme_west_ham
ENG-Premier League,25/26,Newcastle Utd,Bruno Guimarães,BRA,MF,28-175,1997,26,24,2209,24.5,9,5,14,7,2,2,5,0,,,,,,,,0.37,0.20,0.57,0.29,0.49,,,,,,,,,,,,,,,,,,,,,,,,,,,,,,,,,,,bruno_guimaraes_newcastle_utd
ENG-Premier League,25/26,Sunderland,Marc Guiu,ESP,FW,20-126,2006,2,0,15,0.2,0,0,0,0,0,0,0,0,,,,,,,,0.00,0.00,0.00,0.00,0.00,,,,,,,,,,,,,,,,,,,,,,,,,,,,,,,,,,,marc_guiu_sunderland
ENG-Premier League,25/26,Chelsea,Marc Guiu,ESP,FW,20-126,2006,8,1,257,2.9,0,1,1,0,0,0,1,0,,,,,,,,0.00,0.35,0.35,0.00,0.35,,,,,,,,,,,,,,,,,,,,,,,,,,,,,,,,,,,marc_guiu_chelsea
ENG-Premier League,25/26,Nott'ham Forest,Angus Gunn,SCO,GK,30-108,1996,1,0,45,0.5,0,0,0,0,0,0,0,0,,,,,,,,0.00,0.00,0.00,0.00,0.00,,,,,,,,,,,,,,,,,,,,,,,,,,,,,,,,,,,angus_gunn_nott_ham_forest
ENG-Premier League,25/26,Chelsea,Malo Gusto,FRA,DF,22-356,2003,33,25,2177,24.2,2,3,5,2,0,0,5,1,,,,,,,,0.08,0.12,0.21,0.08,0.21,,,,,,,,,,,,,,,,,,,,,,,,,,,,,,,,,,,malo_gusto_chelsea
ENG-Premier League,25/26,Manchester City,Joško Gvardiol,CRO,DF,24-107,2002,16,15,1302,14.5,2,2,4,2,0,0,2,0,,,,,,,,0.14,0.14,0.28,0.14,0.28,,,,,,,,,,,,,,,,,,,,,,,,,,,,,,,,,,,josko_gvardiol_manchester_city
ENG-Premier League,25/26,Arsenal,Viktor Gyökeres,SWE,FW,27-340,1998,33,25,2108,23.4,14,1,15,11,3,3,5,0,,,,,,,,0.60,0.04,0.64,0.47,0.51,,,,,,,,,,,,,,,,,,,,,,,,,,,,,,,,,,,viktor_gyokeres_arsenal
ENG-Premier League,25/26,Manchester City,Erling Haaland,NOR,FW,25-293,2000,34,33,2863,31.8,26,8,34,23,3,4,2,0,,,,,,,,0.82,0.25,1.07,0.72,0.97,,,,,,,,,,,,,,,,,,,,,,,,,,,,,,,,,,,erling_haaland_manchester_city
ENG-Premier League,25/26,Newcastle Utd,Lewis Hall,ENG,DF,21-244,2004,27,21,1911,21.2,1,1,2,1,0,0,3,0,,,,,,,,0.05,0.05,0.09,0.05,0.09,,,,,,,,,,,,,,,,,,,,,,,,,,,,,,,,,,,lewis_hall_newcastle_utd
ENG-Premier League,25/26,Leeds United,Jack Harrison,ENG,FW,29-171,1996,11,1,269,3.0,0,0,0,0,0,0,0,0,,,,,,,,0.00,0.00,0.00,0.00,0.00,,,,,,,,,,,,,,,,,,,,,,,,,,,,,,,,,,,jack_harrison_leeds_united
ENG-Premier League,25/26,Burnley,Quilindschy Hartman,NED,DF,24-177,2001,21,21,1825,20.3,0,5,5,0,0,0,1,0,,,,,,,,0.00,0.25,0.25,0.00,0.25,,,,,,,,,,,,,,,,,,,,,,,,,,,,,,,,,,,quilindschy_hartman_burnley
ENG-Premier League,25/26,Chelsea,Jorrel Hato,NED,DF,20-064,2006,20,10,1007,11.2,0,0,0,0,0,0,6,0,,,,,,,,0.00,0.00,0.00,0.00,0.00,,,,,,,,,,,,,,,,,,,,,,,,,,,,,,,,,,,jorrel_hato_chelsea
ENG-Premier League,25/26,Arsenal,Kai Havertz,GER,"MF,FW",26-333,1999,9,6,440,4.9,1,2,3,1,0,0,0,0,,,,,,,,0.20,0.41,0.61,0.20,0.61,,,,,,,,,,,,,,,,,,,,,,,,,,,,,,,,,,,kai_havertz_arsenal
ENG-Premier League,25/26,Manchester Utd,Ayden Heaven,ENG,DF,19-230,2006,17,11,924,10.3,0,1,1,0,0,0,2,0,,,,,,,,0.00,0.10,0.10,0.00,0.10,,,,,,,,,,,,,,,,,,,,,,,,,,,,,,,,,,,ayden_heaven_manchester_utd
ENG-Premier League,25/26,Brighton,Jan Paul van Hecke,NED,DF,25-336,2000,34,34,3030,33.7,3,3,6,3,0,0,9,0,,,,,,,,0.09,0.09,0.18,0.09,0.18,,,,,,,,,,,,,,,,,,,,,,,,,,,,,,,,,,,jan_paul_van_hecke_brighton
ENG-Premier League,25/26,Wolves,Hwang Hee-chan,KOR,"FW,MF",30-104,1996,24,16,1278,14.2,2,1,3,1,1,1,4,0,,,,,,,,0.14,0.07,0.21,0.07,0.14,,,,,,,,,,,,,,,,,,,,,,,,,,,,,,,,,,,hwang_hee_chan_wolves
ENG-Premier League,25/26,Aston Villa,George Hemmings,ENG,MF,19-067,2007,2,0,27,0.3,0,0,0,0,0,0,0,0,,,,,,,,0.00,0.00,0.00,0.00,0.00,,,,,,,,,,,,,,,,,,,,,,,,,,,,,,,,,,,george_hemmings_aston_villa
ENG-Premier League,25/26,Crystal Palace,Dean Henderson,ENG,GK,29-059,1997,33,33,2970,33.0,0,0,0,0,0,0,4,0,,,,,,,,0.00,0.00,0.00,0.00,0.00,,,,,,,,,,,,,,,,,,,,,,,,,,,,,,,,,,,dean_henderson_crystal_palace
ENG-Premier League,25/26,Brentford,Jordan Henderson,ENG,MF,35-327,1990,30,21,1832,20.4,1,3,4,1,0,0,5,0,,,,,,,,0.05,0.15,0.20,0.05,0.20,,,,,,,,,,,,,,,,,,,,,,,,,,,,,,,,,,,jordan_henderson_brentford
ENG-Premier League,25/26,Brentford,Rico Henry,JAM,DF,28-306,1997,25,14,1328,14.8,0,1,1,0,0,0,2,0,,,,,,,,0.00,0.07,0.07,0.00,0.07,,,,,,,,,,,,,,,,,,,,,,,,,,,,,,,,,,,rico_henry_brentford
ENG-Premier League,25/26,West Ham,Mads Hermansen,DEN,GK,25-303,2000,15,15,1350,15.0,0,0,0,0,0,0,0,0,,,,,,,,0.00,0.00,0.00,0.00,0.00,,,,,,,,,,,,,,,,,,,,,,,,,,,,,,,,,,,mads_hermansen_west_ham
ENG-Premier League,25/26,Brentford,Aaron Hickey,SCO,"DF,MF",23-334,2002,20,8,660,7.3,0,0,0,0,0,0,1,0,,,,,,,,0.00,0.00,0.00,0.00,0.00,,,,,,,,,,,,,,,,,,,,,,,,,,,,,,,,,,,aaron_hickey_brentford
ENG-Premier League,25/26,Bournemouth,James Hill,ENG,DF,24-120,2002,27,20,1926,21.4,0,3,3,0,0,0,3,0,,,,,,,,0.00,0.14,0.14,0.00,0.14,,,,,,,,,,,,,,,,,,,,,,,,,,,,,,,,,,,james_hill_bournemouth
ENG-Premier League,25/26,Arsenal,Piero Hincapié,ECU,DF,24-121,2002,23,19,1683,18.7,1,2,3,1,0,0,2,0,,,,,,,,0.05,0.11,0.16,0.05,0.16,,,,,,,,,,,,,,,,,,,,,,,,,,,,,,,,,,,piero_hincapie_arsenal
ENG-Premier League,25/26,Brighton,Jack Hinshelwood,ENG,MF,21-029,2005,25,18,1587,17.6,4,3,7,4,0,0,0,0,,,,,,,,0.23,0.17,0.40,0.23,0.40,,,,,,,,,,,,,,,,,,,,,,,,,,,,,,,,,,,jack_hinshelwood_brighton
ENG-Premier League,25/26,Wolves,Ki-Jana Hoever,NED,"MF,DF",24-112,2002,8,6,425,4.7,0,0,0,0,0,0,0,0,,,,,,,,0.00,0.00,0.00,0.00,0.00,,,,,,,,,,,,,,,,,,,,,,,,,,,,,,,,,,,ki_jana_hoever_wolves
ENG-Premier League,25/26,Brighton,Harry Howell,ENG,MF,18-020,2008,3,1,94,1.0,0,0,0,0,0,0,0,0,,,,,,,,0.00,0.00,0.00,0.00,0.00,,,,,,,,,,,,,,,,,,,,,,,,,,,,,,,,,,,harry_howell_brighton
ENG-Premier League,25/26,Nott'ham Forest,Callum Hudson-Odoi,ENG,MF,25-184,2000,30,21,1841,20.5,3,4,7,3,0,0,0,0,,,,,,,,0.15,0.20,0.34,0.15,0.34,,,,,,,,,,,,,,,,,,,,,,,,,,,,,,,,,,,callum_hudson_odoi_nott_ham_forest
ENG-Premier League,25/26,Crystal Palace,Will Hughes,ENG,MF,31-023,1995,29,17,1422,15.8,0,0,0,0,0,0,7,0,,,,,,,,0.00,0.00,0.00,0.00,0.00,,,,,,,,,,,,,,,,,,,,,,,,,,,,,,,,,,,will_hughes_crystal_palace
ENG-Premier League,25/26,Sunderland,Trai Hume,NIR,"DF,MF",24-053,2002,36,32,2887,32.1,1,1,2,1,0,0,9,0,,,,,,,,0.03,0.03,0.06,0.03,0.06,,,,,,,,,,,,,,,,,,,,,,,,,,,,,,,,,,,trai_hume_sunderland
ENG-Premier League,25/26,Burnley,Bashir Humphreys,ENG,"DF,MF",23-056,2003,18,16,1479,16.4,0,0,0,0,0,0,6,0,,,,,,,,0.00,0.00,0.00,0.00,0.00,,,,,,,,,,,,,,,,,,,,,,,,,,,,,,,,,,,bashir_humphreys_burnley
ENG-Premier League,25/26,Nott'ham Forest,Omari Hutchinson,ENG,MF,22-192,2003,28,15,1515,16.8,1,4,5,1,0,0,1,0,,,,,,,,0.06,0.24,0.30,0.06,0.30,,,,,,,,,,,,,,,,,,,,,,,,,,,,,,,,,,,omari_hutchinson_nott_ham_forest
ENG-Premier League,25/26,West Ham,Igor,BRA,DF,28-092,1998,4,1,105,1.2,0,0,0,0,0,0,0,0,,,,,,,,0.00,0.00,0.00,0.00,0.00,,,,,,,,,,,,,,,,,,,,,,,,,,,,,,,,,,,igor_west_ham
ENG-Premier League,25/26,Everton,Tim Iroegbunam,ENG,MF,22-314,2003,26,14,1242,13.8,0,2,2,0,0,0,8,0,,,,,,,,0.00,0.14,0.14,0.00,0.14,,,,,,,,,,,,,,,,,,,,,,,,,,,,,,,,,,,tim_iroegbunam_everton
ENG-Premier League,25/26,West Ham,Andy Irving,SCO,MF,25-362,2000,7,2,158,1.8,0,0,0,0,0,0,0,0,,,,,,,,0.00,0.00,0.00,0.00,0.00,,,,,,,,,,,,,,,,,,,,,,,,,,,,,,,,,,,andy_irving_west_ham
ENG-Premier League,25/26,Liverpool,Alexander Isak,SWE,FW,26-231,1999,14,8,699,7.8,3,1,4,3,0,0,0,0,,,,,,,,0.39,0.13,0.52,0.39,0.52,,,,,,,,,,,,,,,,,,,,,,,,,,,,,,,,,,,alexander_isak_liverpool
ENG-Premier League,25/26,Sunderland,Wilson Isidor,HAI,FW,25-256,2000,30,11,1121,12.5,5,0,5,5,0,0,1,0,,,,,,,,0.40,0.00,0.40,0.40,0.40,,,,,,,,,,,,,,,,,,,,,,,,,,,,,,,,,,,wilson_isidor_sunderland
ENG-Premier League,25/26,Fulham,Alex Iwobi,NGA,MF,30-007,1996,27,27,2263,25.1,4,3,7,4,0,0,3,0,,,,,,,,0.16,0.12,0.28,0.16,0.28,,,,,,,,,,,,,,,,,,,,,,,,,,,,,,,,,,,alex_iwobi_fulham
ENG-Premier League,25/26,Leeds United,Daniel James,WAL,FW,28-181,1997,16,4,417,4.6,0,0,0,0,0,0,0,0,,,,,,,,0.00,0.00,0.00,0.00,0.00,,,,,,,,,,,,,,,,,,,,,,,,,,,,,,,,,,,daniel_james_leeds_united
ENG-Premier League,25/26,Chelsea,Reece James,ENG,"DF,MF",26-153,1999,28,20,1924,21.4,2,4,6,2,0,0,4,0,,,,,,,,0.09,0.19,0.28,0.09,0.28,,,,,,,,,,,,,,,,,,,,,,,,,,,,,,,,,,,reece_james_chelsea
ENG-Premier League,25/26,Brentford,Vitaly Janelt,GER,MF,28-000,1998,23,13,1291,14.3,1,4,5,1,0,0,7,0,,,,,,,,0.07,0.28,0.35,0.07,0.35,,,,,,,,,,,,,,,,,,,,,,,,,,,,,,,,,,,vitaly_janelt_brentford
ENG-Premier League,25/26,Brentford,Mathias Jensen,DEN,MF,30-129,1996,34,24,2103,23.4,3,1,4,3,0,0,3,0,,,,,,,,0.13,0.04,0.17,0.13,0.17,,,,,,,,,,,,,,,,,,,,,,,,,,,,,,,,,,,mathias_jensen_brentford
ENG-Premier League,25/26,Arsenal,Gabriel Jesus,BRA,FW,29-037,1997,13,2,355,3.9,2,0,2,2,0,0,2,0,,,,,,,,0.51,0.00,0.51,0.51,0.51,,,,,,,,,,,,,,,,,,,,,,,,,,,,,,,,,,,gabriel_jesus_arsenal
ENG-Premier League,25/26,Nott'ham Forest,Igor Jesus,BRA,FW,25-074,2001,34,25,2043,22.7,6,4,10,5,1,1,1,0,,,,,,,,0.26,0.18,0.44,0.22,0.40,,,,,,,,,,,,,,,,,,,,,,,,,,,,,,,,,,,igor_jesus_nott_ham_forest
ENG-Premier League,25/26,Bournemouth,Álex Jiménez,ESP,"DF,MF",21-002,2005,31,26,2317,25.7,1,0,1,1,0,0,10,0,,,,,,,,0.04,0.00,0.04,0.04,0.04,,,,,,,,,,,,,,,,,,,,,,,,,,,,,,,,,,,alex_jimenez_bournemouth
ENG-Premier League,25/26,Fulham,Raúl Jiménez,MEX,FW,35-005,1991,34,27,2146,23.8,9,3,12,5,4,4,5,0,,,,,,,,0.38,0.13,0.50,0.21,0.34,,,,,,,,,,,,,,,,,,,,,,,,,,,,,,,,,,,raul_jimenez_fulham
ENG-Premier League,25/26,Aston Villa,Jamaldeen Jimoh,ENG,MF,19-220,2006,1,0,9,0.1,0,0,0,0,0,0,0,0,,,,,,,,0.00,0.00,0.00,0.00,0.00,,,,,,,,,,,,,,,,,,,,,,,,,,,,,,,,,,,jamaldeen_jimoh_aston_villa
ENG-Premier League,25/26,Chelsea,João Pedro,BRA,"FW,MF",24-226,2001,34,30,2571,28.6,15,5,20,15,0,0,4,0,,,,,,,,0.53,0.18,0.70,0.53,0.70,,,,,,,,,,,,,,,,,,,,,,,,,,,,,,,,,,,joao_pedro_chelsea
ENG-Premier League,25/26,Newcastle Utd,Joelinton,BRA,MF,29-269,1996,26,22,1861,20.7,2,1,3,2,0,0,10,0,,,,,,,,0.10,0.05,0.15,0.10,0.15,,,,,,,,,,,,,,,,,,,,,,,,,,,,,,,,,,,joelinton_newcastle_utd
ENG-Premier League,25/26,Nott'ham Forest,John,BRA,GK,30-086,1996,5,5,437,4.9,0,0,0,0,0,0,1,0,,,,,,,,0.00,0.00,0.00,0.00,0.00,,,,,,,,,,,,,,,,,,,,,,,,,,,,,,,,,,,john_nott_ham_forest
ENG-Premier League,25/26,Tottenham,Brennan Johnson,WAL,"MF,FW",24-352,2001,16,6,610,6.8,2,0,2,2,0,0,2,0,,,,,,,,0.30,0.00,0.30,0.30,0.30,,,,,,,,,,,,,,,,,,,,,,,,,,,,,,,,,,,brennan_johnson_tottenham
ENG-Premier League,25/26,Crystal Palace,Brennan Johnson,WAL,"MF,FW",24-352,2001,15,11,914,10.2,0,1,1,0,0,0,4,0,,,,,,,,0.00,0.10,0.10,0.00,0.10,,,,,,,,,,,,,,,,,,,,,,,,,,,,,,,,,,,brennan_johnson_crystal_palace
ENG-Premier League,25/26,Wolves,Sam Johnstone,ENG,GK,33-046,1993,12,12,1080,12.0,0,0,0,0,0,0,0,0,,,,,,,,0.00,0.00,0.00,0.00,0.00,,,,,,,,,,,,,,,,,,,,,,,,,,,,,,,,,,,sam_johnstone_wolves
ENG-Premier League,25/26,Liverpool,Curtis Jones,ENG,"MF,DF",25-100,2001,32,16,1757,19.5,0,2,2,0,0,0,2,0,,,,,,,,0.00,0.10,0.10,0.00,0.10,,,,,,,,,,,,,,,,,,,,,,,,,,,,,,,,,,,curtis_jones_liverpool
ENG-Premier League,25/26,Bournemouth,Eli Junior Kroupi,FRA,"MF,FW",19-321,2006,31,19,1525,16.9,12,0,12,10,2,2,5,0,,,,,,,,0.71,0.00,0.71,0.59,0.59,,,,,,,,,,,,,,,,,,,,,,,,,,,,,,,,,,,eli_junior_kroupi_bournemouth
ENG-Premier League,25/26,Bournemouth,Hamed Junior Traorè,CIV,MF,26-083,2000,1,0,17,0.2,0,1,1,0,0,0,0,0,,,,,,,,0.00,5.29,5.29,0.00,5.29,,,,,,,,,,,,,,,,,,,,,,,,,,,,,,,,,,,hamed_junior_traore_bournemouth
ENG-Premier League,25/26,Leeds United,James Justin,ENG,"DF,MF",28-076,1998,26,18,1631,18.1,2,1,3,2,0,0,4,0,,,,,,,,0.11,0.06,0.17,0.11,0.17,,,,,,,,,,,,,,,,,,,,,,,,,,,,,,,,,,,james_justin_leeds_united
ENG-Premier League,25/26,Chelsea,Filip Jørgensen,DEN,GK,24-024,2002,5,3,379,4.2,0,0,0,0,0,0,0,0,,,,,,,,0.00,0.00,0.00,0.00,0.00,,,,,,,,,,,,,,,,,,,,,,,,,,,,,,,,,,,filip_j_rgensen_chelsea
ENG-Premier League,25/26,Brighton,Ferdi Kadioglu,TUR,"DF,MF",26-215,1999,35,32,2953,32.8,1,0,1,1,0,0,6,0,,,,,,,,0.03,0.00,0.03,0.03,0.03,,,,,,,,,,,,,,,,,,,,,,,,,,,,,,,,,,,ferdi_kadioglu_brighton
ENG-Premier League,25/26,Wolves,Sasa Kalajdzic,AUT,"FW,MF",28-307,1997,1,0,15,0.2,0,0,0,0,0,0,0,0,,,,,,,,0.00,0.00,0.00,0.00,0.00,,,,,,,,,,,,,,,,,,,,,,,,,,,,,,,,,,,sasa_kalajdzic_wolves
ENG-Premier League,25/26,Nott'ham Forest,Arnaud Kalimuendo,FRA,FW,24-110,2002,9,0,96,1.1,0,0,0,0,0,0,0,0,,,,,,,,0.00,0.00,0.00,0.00,0.00,,,,,,,,,,,,,,,,,,,,,,,,,,,,,,,,,,,arnaud_kalimuendo_nott_ham_forest
ENG-Premier League,25/26,Crystal Palace,Daichi Kamada,JPN,MF,29-278,1996,24,19,1661,18.5,0,0,0,0,0,0,2,0,,,,,,,,0.00,0.00,0.00,0.00,0.00,,,,,,,,,,,,,,,,,,,,,,,,,,,,,,,,,,,daichi_kamada_crystal_palace
ENG-Premier League,25/26,Aston Villa,Boubacar Kamara,FRA,MF,26-168,1999,18,17,1411,15.7,1,3,4,1,0,0,5,0,,,,,,,,0.06,0.19,0.26,0.06,0.26,,,,,,,,,,,,,,,,,,,,,,,,,,,,,,,,,,,boubacar_kamara_aston_villa
ENG-Premier League,25/26,West Ham,Mohamadou Kanté,FRA,MF,20-232,2005,9,0,44,0.5,0,0,0,0,0,0,1,0,,,,,,,,0.00,0.00,0.00,0.00,0.00,,,,,,,,,,,,,,,,,,,,,,,,,,,,,,,,,,,mohamadou_kante_west_ham
ENG-Premier League,25/26,Brentford,Michael Kayode,ITA,DF,21-304,2004,35,35,3078,34.2,1,1,2,1,0,0,7,0,,,,,,,,0.03,0.03,0.06,0.03,0.06,,,,,,,,,,,,,,,,,,,,,,,,,,,,,,,,,,,michael_kayode_brentford
ENG-Premier League,25/26,Everton,Michael Keane,ENG,DF,33-119,1993,30,26,2321,25.8,3,0,3,3,0,0,1,1,,,,,,,,0.12,0.00,0.12,0.12,0.12,,,,,,,,,,,,,,,,,,,,,,,,,,,,,,,,,,,michael_keane_everton
ENG-Premier League,25/26,Brentford,Caoimhín Kelleher,IRL,GK,27-168,1998,35,35,3150,35.0,0,0,0,0,0,0,1,0,,,,,,,,0.00,0.00,0.00,0.00,0.00,,,,,,,,,,,,,,,,,,,,,,,,,,,,,,,,,,,caoimhin_kelleher_brentford
ENG-Premier League,25/26,Liverpool,Milos Kerkez,HUN,DF,22-184,2003,32,26,2159,24.0,2,1,3,2,0,0,4,0,,,,,,,,0.08,0.04,0.13,0.08,0.13,,,,,,,,,,,,,,,,,,,,,,,,,,,,,,,,,,,milos_kerkez_liverpool
ENG-Premier League,25/26,Fulham,Kevin,BRA,MF,23-126,2003,24,8,937,10.4,1,1,2,1,0,0,1,0,,,,,,,,0.10,0.10,0.19,0.10,0.19,,,,,,,,,,,,,,,,,,,,,,,,,,,,,,,,,,,kevin_fulham
ENG-Premier League,25/26,Manchester City,Abdukodir Khusanov,UZB,DF,22-070,2004,19,13,1252,13.9,0,0,0,0,0,0,2,0,,,,,,,,0.00,0.00,0.00,0.00,0.00,,,,,,,,,,,,,,,,,,,,,,,,,,,,,,,,,,,abdukodir_khusanov_manchester_city
ENG-Premier League,25/26,West Ham,Max Kilman,ENG,DF,28-352,1997,21,17,1561,17.3,0,0,0,0,0,0,4,0,,,,,,,,0.00,0.00,0.00,0.00,0.00,,,,,,,,,,,,,,,,,,,,,,,,,,,,,,,,,,,max_kilman_west_ham
ENG-Premier League,25/26,Fulham,Joshua King,ENG,MF,19-127,2007,30,15,1265,14.1,1,2,3,1,0,0,4,0,,,,,,,,0.07,0.14,0.21,0.07,0.21,,,,,,,,,,,,,,,,,,,,,,,,,,,,,,,,,,,joshua_king_fulham
ENG-Premier League,25/26,Tottenham,Antonín Kinský,CZE,GK,23-058,2003,4,4,360,4.0,0,0,0,0,0,0,0,0,,,,,,,,0.00,0.00,0.00,0.00,0.00,,,,,,,,,,,,,,,,,,,,,,,,,,,,,,,,,,,antonin_kinsky_tottenham
ENG-Premier League,25/26,Bournemouth,Justin Kluivert,NED,MF,27-005,1999,18,10,919,10.2,2,0,2,2,0,0,4,0,,,,,,,,0.20,0.00,0.20,0.20,0.20,,,,,,,,,,,,,,,,,,,,,,,,,,,,,,,,,,,justin_kluivert_bournemouth
ENG-Premier League,25/26,Brighton,Joe Knight,ENG,MF,20-231,2005,1,0,1,0.0,0,0,0,0,0,0,0,0,,,,,,,,0.00,0.00,0.00,0.00,0.00,,,,,,,,,,,,,,,,,,,,,,,,,,,,,,,,,,,joe_knight_brighton
ENG-Premier League,25/26,Tottenham,Randal Kolo Muani,FRA,"FW,MF",27-156,1998,27,19,1488,16.5,1,1,2,1,0,0,3,0,,,,,,,,0.06,0.06,0.12,0.06,0.12,,,,,,,,,,,,,,,,,,,,,,,,,,,,,,,,,,,randal_kolo_muani_tottenham
ENG-Premier League,25/26,Liverpool,Ibrahima Konaté,FRA,DF,26-350,1999,34,34,2912,32.4,1,0,1,1,0,0,6,0,,,,,,,,0.03,0.00,0.03,0.03,0.03,,,,,,,,,,,,,,,,,,,,,,,,,,,,,,,,,,,ibrahima_konate_liverpool
ENG-Premier League,25/26,Aston Villa,Ezri Konsa,ENG,DF,28-199,1997,32,32,2855,31.7,0,0,0,0,0,0,0,1,,,,,,,,0.00,0.00,0.00,0.00,0.00,,,,,,,,,,,,,,,,,,,,,,,,,,,,,,,,,,,ezri_konsa_aston_villa
ENG-Premier League,25/26,Brighton,Charalampos Kostoulas,GRE,FW,18-345,2007,19,2,328,3.6,2,1,3,2,0,0,2,0,,,,,,,,0.55,0.27,0.82,0.55,0.82,,,,,,,,,,,,,,,,,,,,,,,,,,,,,,,,,,,charalampos_kostoulas_brighton
ENG-Premier League,25/26,Manchester City,Mateo Kovačić,CRO,MF,32-004,1994,3,0,31,0.3,0,1,1,0,0,0,0,0,,,,,,,,0.00,2.90,2.90,0.00,2.90,,,,,,,,,,,,,,,,,,,,,,,,,,,,,,,,,,,mateo_kovacic_manchester_city
ENG-Premier League,25/26,Newcastle Utd,Emil Krafth,SWE,DF,31-281,1994,1,1,45,0.5,0,0,0,0,0,0,0,0,,,,,,,,0.00,0.00,0.00,0.00,0.00,,,,,,,,,,,,,,,,,,,,,,,,,,,,,,,,,,,emil_krafth_newcastle_utd
ENG-Premier League,25/26,Wolves,Ladislav Krejčí,CZE,"DF,MF",27-020,1999,26,25,2201,24.5,2,1,3,2,0,0,5,1,,,,,,,,0.08,0.04,0.12,0.08,0.12,,,,,,,,,,,,,,,,,,,,,,,,,,,,,,,,,,,ladislav_krejci_wolves
ENG-Premier League,25/26,Tottenham,Mohammed Kudus,GHA,"MF,FW",25-281,2000,19,19,1535,17.1,2,5,7,2,0,0,3,0,,,,,,,,0.12,0.29,0.41,0.12,0.41,,,,,,,,,,,,,,,,,,,,,,,,,,,,,,,,,,,mohammed_kudus_tottenham
ENG-Premier League,25/26,Fulham,Jonah Kusi-Asare,SWE,FW,18-310,2007,7,0,55,0.6,0,0,0,0,0,0,1,0,,,,,,,,0.00,0.00,0.00,0.00,0.00,,,,,,,,,,,,,,,,,,,,,,,,,,,,,,,,,,,jonah_kusi_asare_fulham
ENG-Premier League,25/26,Manchester Utd,Shea Lacey,ENG,FW,19-026,2007,2,0,14,0.2,0,0,0,0,0,0,0,0,,,,,,,,0.00,0.00,0.00,0.00,0.00,,,,,,,,,,,,,,,,,,,,,,,,,,,,,,,,,,,shea_lacey_manchester_utd
ENG-Premier League,25/26,Crystal Palace,Maxence Lacroix,FRA,DF,26-034,2000,32,32,2845,31.6,1,2,3,1,0,0,4,1,,,,,,,,0.03,0.06,0.09,0.03,0.09,,,,,,,,,,,,,,,,,,,,,,,,,,,,,,,,,,,maxence_lacroix_crystal_palace
ENG-Premier League,25/26,Manchester Utd,Senne Lammens,BEL,GK,23-307,2002,30,30,2700,30.0,0,0,0,0,0,0,0,0,,,,,,,,0.00,0.00,0.00,0.00,0.00,,,,,,,,,,,,,,,,,,,,,,,,,,,,,,,,,,,senne_lammens_manchester_utd
ENG-Premier League,25/26,Newcastle Utd,Jamaal Lascelles,ENG,DF,32-180,1993,2,0,21,0.2,0,0,0,0,0,0,0,0,,,,,,,,0.00,0.00,0.00,0.00,0.00,,,,,,,,,,,,,,,,,,,,,,,,,,,,,,,,,,,jamaal_lascelles_newcastle_utd
ENG-Premier League,25/26,Burnley,Josh Laurent,ENG,"DF,MF",31-004,1995,31,18,1732,19.2,1,0,1,1,0,0,7,1,,,,,,,,0.05,0.00,0.05,0.05,0.05,,,,,,,,,,,,,,,,,,,,,,,,,,,,,,,,,,,josh_laurent_burnley
ENG-Premier League,25/26,Chelsea,Roméo Lavia,BEL,MF,22-124,2004,12,4,382,4.2,0,0,0,0,0,0,0,0,,,,,,,,0.00,0.00,0.00,0.00,0.00,,,,,,,,,,,,,,,,,,,,,,,,,,,,,,,,,,,romeo_lavia_chelsea
ENG-Premier League,25/26,Sunderland,Enzo Le Fée,FRA,"MF,FW",26-096,2000,34,31,2751,30.6,4,5,9,1,3,4,5,0,,,,,,,,0.13,0.16,0.29,0.03,0.20,,,,,,,,,,,,,,,,,,,,,,,,,,,,,,,,,,,enzo_le_fee_sunderland
ENG-Premier League,25/26,Fulham,Bernd Leno,GER,GK,34-067,1992,36,36,3240,36.0,0,0,0,0,0,0,3,0,,,,,,,,0.00,0.00,0.00,0.00,0.00,,,,,,,,,,,,,,,,,,,,,,,,,,,,,,,,,,,bernd_leno_fulham
ENG-Premier League,25/26,Crystal Palace,Jefferson Lerma,COL,"MF,DF",31-197,1994,27,16,1525,16.9,0,2,2,0,0,0,6,0,,,,,,,,0.00,0.12,0.12,0.00,0.12,,,,,,,,,,,,,,,,,,,,,,,,,,,,,,,,,,,jefferson_lerma_crystal_palace
ENG-Premier League,25/26,Manchester City,Rico Lewis,ENG,DF,21-170,2004,10,3,317,3.5,0,1,1,0,0,0,1,0,,,,,,,,0.00,0.28,0.28,0.00,0.28,,,,,,,,,,,,,,,,,,,,,,,,,,,,,,,,,,,rico_lewis_manchester_city
ENG-Premier League,25/26,Brentford,Keane Lewis-Potter,ENG,"DF,MF",25-077,2001,34,20,1794,19.9,3,3,6,3,0,0,1,0,,,,,,,,0.15,0.15,0.30,0.15,0.30,,,,,,,,,,,,,,,,,,,,,,,,,,,,,,,,,,,keane_lewis_potter_brentford
ENG-Premier League,25/26,Arsenal,Myles Lewis-Skelly,ENG,"DF,MF",19-226,2006,17,3,511,5.7,0,0,0,0,0,0,3,0,,,,,,,,0.00,0.00,0.00,0.00,0.00,,,,,,,,,,,,,,,,,,,,,,,,,,,,,,,,,,,myles_lewis_skelly_arsenal
ENG-Premier League,25/26,Manchester Utd,Matthijs de Ligt,NED,DF,26-271,1999,13,13,1170,13.0,1,0,1,1,0,0,0,0,,,,,,,,0.08,0.00,0.08,0.08,0.08,,,,,,,,,,,,,,,,,,,,,,,,,,,,,,,,,,,matthijs_de_ligt_manchester_utd
ENG-Premier League,25/26,Wolves,Pedro Lima,BRA,MF,19-313,2006,7,3,245,2.7,0,0,0,0,0,0,0,0,,,,,,,,0.00,0.00,0.00,0.00,0.00,,,,,,,,,,,,,,,,,,,,,,,,,,,,,,,,,,,pedro_lima_wolves
ENG-Premier League,25/26,Aston Villa,Victor Lindelöf,SWE,DF,31-297,1994,14,8,758,8.4,0,1,1,0,0,0,0,0,,,,,,,,0.00,0.12,0.12,0.00,0.12,,,,,,,,,,,,,,,,,,,,,,,,,,,,,,,,,,,victor_lindelof_aston_villa
ENG-Premier League,25/26,Newcastle Utd,Valentino Livramento,ENG,DF,23-179,2002,17,14,1328,14.8,0,1,1,0,0,0,1,0,,,,,,,,0.00,0.07,0.07,0.00,0.07,,,,,,,,,,,,,,,,,,,,,,,,,,,,,,,,,,,valentino_livramento_newcastle_utd
ENG-Premier League,25/26,Leeds United,Sean Longstaff,ENG,MF,28-192,1997,21,10,979,10.9,2,2,4,2,0,0,2,0,,,,,,,,0.18,0.18,0.37,0.18,0.37,,,,,,,,,,,,,,,,,,,,,,,,,,,,,,,,,,,sean_longstaff_leeds_united
ENG-Premier League,25/26,Wolves,Fer López,ESP,MF,21-351,2004,9,2,235,2.6,0,1,1,0,0,0,1,0,,,,,,,,0.00,0.38,0.38,0.00,0.38,,,,,,,,,,,,,,,,,,,,,,,,,,,,,,,,,,,fer_lopez_wolves
ENG-Premier League,25/26,Burnley,Lucas,BRA,"MF,DF",25-047,2001,17,12,1139,12.7,0,0,0,0,0,0,0,1,,,,,,,,0.00,0.00,0.00,0.00,0.00,,,,,,,,,,,,,,,,,,,,,,,,,,,,,,,,,,,lucas_burnley
ENG-Premier League,25/26,Nott'ham Forest,Lorenzo Lucca,ITA,FW,25-242,2000,3,1,121,1.3,1,0,1,1,0,0,0,0,,,,,,,,0.74,0.00,0.74,0.74,0.74,,,,,,,,,,,,,,,,,,,,,,,,,,,,,,,,,,,lorenzo_lucca_nott_ham_forest
ENG-Premier League,25/26,Burnley,Florentino Luís,POR,MF,26-264,1999,28,22,1852,20.6,0,2,2,0,0,0,6,0,,,,,,,,0.00,0.10,0.10,0.00,0.10,,,,,,,,,,,,,,,,,,,,,,,,,,,,,,,,,,,florentino_luis_burnley
ENG-Premier League,25/26,Aston Villa,Douglas Luiz,BRA,MF,28-001,1998,10,6,520,5.8,1,0,1,1,0,0,1,0,,,,,,,,0.17,0.00,0.17,0.17,0.17,,,,,,,,,,,,,,,,,,,,,,,,,,,,,,,,,,,douglas_luiz_aston_villa
ENG-Premier League,25/26,Nott'ham Forest,Douglas Luiz,BRA,MF,28-001,1998,8,5,315,3.5,0,0,0,0,0,0,2,0,,,,,,,,0.00,0.00,0.00,0.00,0.00,,,,,,,,,,,,,,,,,,,,,,,,,,,,,,,,,,,douglas_luiz_nott_ham_forest
ENG-Premier League,25/26,Fulham,Saša Lukić,SRB,MF,29-270,1996,25,19,1644,18.3,1,2,3,1,0,0,9,0,,,,,,,,0.05,0.11,0.16,0.05,0.16,,,,,,,,,,,,,,,,,,,,,,,,,,,,,,,,,,,sasa_lukic_fulham
ENG-Premier League,25/26,Aston Villa,Ian Maatsen,NED,DF,24-061,2002,27,15,1436,16.0,0,1,1,0,0,0,2,0,,,,,,,,0.00,0.06,0.06,0.00,0.06,,,,,,,,,,,,,,,,,,,,,,,,,,,,,,,,,,,ian_maatsen_aston_villa
ENG-Premier League,25/26,Liverpool,Alexis Mac Allister,ARG,MF,27-137,1998,35,29,2478,27.5,2,4,6,2,0,0,6,0,,,,,,,,0.07,0.15,0.22,0.07,0.22,,,,,,,,,,,,,,,,,,,,,,,,,,,,,,,,,,,alexis_mac_allister_liverpool
ENG-Premier League,25/26,Arsenal,Noni Madueke,ENG,"FW,MF",24-061,2002,24,15,1118,12.4,2,1,3,2,0,0,0,0,,,,,,,,0.16,0.08,0.24,0.16,0.24,,,,,,,,,,,,,,,,,,,,,,,,,,,,,,,,,,,noni_madueke_arsenal
ENG-Premier League,25/26,Arsenal,Gabriel Magalhães,BRA,DF,28-142,1997,29,28,2526,28.1,3,4,7,3,0,0,4,0,,,,,,,,0.11,0.14,0.25,0.11,0.25,,,,,,,,,,,,,,,,,,,,,,,,,,,,,,,,,,,gabriel_magalhaes_arsenal
ENG-Premier League,25/26,West Ham,Soungoutou Magassa,FRA,MF,22-214,2003,22,11,981,10.9,1,0,1,1,0,0,4,0,,,,,,,,0.09,0.00,0.09,0.09,0.09,,,,,,,,,,,,,,,,,,,,,,,,,,,,,,,,,,,soungoutou_magassa_west_ham
ENG-Premier League,25/26,Manchester Utd,Harry Maguire,ENG,DF,33-066,1993,21,17,1473,16.4,1,2,3,1,0,0,3,1,,,,,,,,0.06,0.12,0.18,0.06,0.18,,,,,,,,,,,,,,,,,,,,,,,,,,,,,,,,,,,harry_maguire_manchester_utd
ENG-Premier League,25/26,Manchester Utd,Kobbie Mainoo,ENG,MF,21-021,2005,26,14,1482,16.5,1,2,3,1,0,0,1,0,,,,,,,,0.06,0.12,0.18,0.06,0.18,,,,,,,,,,,,,,,,,,,,,,,,,,,,,,,,,,,kobbie_mainoo_manchester_utd
ENG-Premier League,25/26,Manchester Utd,Tyrell Malacia,NED,DF,26-266,1999,2,0,9,0.1,0,0,0,0,0,0,0,0,,,,,,,,0.00,0.00,0.00,0.00,0.00,,,,,,,,,,,,,,,,,,,,,,,,,,,,,,,,,,,tyrell_malacia_manchester_utd
ENG-Premier League,25/26,Aston Villa,Donyell Malen,NED,"FW,MF",27-121,1999,21,5,656,7.3,4,1,5,4,0,0,0,0,,,,,,,,0.55,0.14,0.69,0.55,0.69,,,,,,,,,,,,,,,,,,,,,,,,,,,,,,,,,,,donyell_malen_aston_villa
ENG-Premier League,25/26,Liverpool,Giorgi Mamardashvili,GEO,GK,25-223,2000,9,9,777,8.6,0,0,0,0,0,0,0,0,,,,,,,,0.00,0.00,0.00,0.00,0.00,,,,,,,,,,,,,,,,,,,,,,,,,,,,,,,,,,,giorgi_mamardashvili_liverpool
ENG-Premier League,25/26,Sunderland,Reinildo Mandava,MOZ,DF,32-109,1994,23,21,1786,19.8,0,1,1,0,0,0,7,1,,,,,,,,0.00,0.05,0.05,0.00,0.05,,,,,,,,,,,,,,,,,,,,,,,,,,,,,,,,,,,reinildo_mandava_sunderland
ENG-Premier League,25/26,Wolves,Mateus Mane,POR,MF,18-236,2007,25,17,1615,17.9,2,1,3,2,0,0,0,0,,,,,,,,0.11,0.06,0.17,0.11,0.17,,,,,,,,,,,,,,,,,,,,,,,,,,,,,,,,,,,mateus_mane_wolves
ENG-Premier League,25/26,Manchester Utd,Bendito Mantato,ENG,MF,18-105,2008,1,0,16,0.2,0,0,0,0,0,0,0,0,,,,,,,,0.00,0.00,0.00,0.00,0.00,,,,,,,,,,,,,,,,,,,,,,,,,,,,,,,,,,,bendito_mantato_manchester_utd
ENG-Premier League,25/26,Brighton,Solly March,ENG,MF,31-294,1994,2,0,8,0.1,0,0,0,0,0,0,0,0,,,,,,,,0.00,0.00,0.00,0.00,0.00,,,,,,,,,,,,,,,,,,,,,,,,,,,,,,,,,,,solly_march_brighton
ENG-Premier League,25/26,Manchester City,Omar Marmoush,EGY,"FW,MF",27-092,1999,19,7,607,6.7,2,3,5,2,0,0,3,0,,,,,,,,0.30,0.44,0.74,0.30,0.74,,,,,,,,,,,,,,,,,,,,,,,,,,,,,,,,,,,omar_marmoush_manchester_city
ENG-Premier League,25/26,West Ham,Callum Marshall,NIR,FW,21-163,2004,2,0,60,0.7,0,0,0,0,0,0,0,0,,,,,,,,0.00,0.00,0.00,0.00,0.00,,,,,,,,,,,,,,,,,,,,,,,,,,,,,,,,,,,callum_marshall_west_ham
ENG-Premier League,25/26,Arsenal,Gabriel Martinelli,BRA,"FW,MF",24-326,2001,28,10,990,11.0,1,3,4,1,0,0,3,0,,,,,,,,0.09,0.27,0.36,0.09,0.36,,,,,,,,,,,,,,,,,,,,,,,,,,,,,,,,,,,gabriel_martinelli_arsenal
ENG-Premier League,25/26,Aston Villa,Emiliano Martínez,ARG,GK,33-250,1992,30,30,2655,29.5,0,0,0,0,0,0,2,0,,,,,,,,0.00,0.00,0.00,0.00,0.00,,,,,,,,,,,,,,,,,,,,,,,,,,,,,,,,,,,emiliano_martinez_aston_villa
ENG-Premier League,25/26,Manchester Utd,Lisandro Martínez,ARG,DF,28-112,1998,16,11,1053,11.7,0,0,0,0,0,0,0,1,,,,,,,,0.00,0.00,0.00,0.00,0.00,,,,,,,,,,,,,,,,,,,,,,,,,,,,,,,,,,,lisandro_martinez_manchester_utd
ENG-Premier League,25/26,Sunderland,Arthur Masuaku,COD,DF,32-184,1993,3,2,126,1.4,0,0,0,0,0,0,1,0,,,,,,,,0.00,0.00,0.00,0.00,0.00,,,,,,,,,,,,,,,,,,,,,,,,,,,,,,,,,,,arthur_masuaku_sunderland
ENG-Premier League,25/26,Tottenham,Pape Matar Sarr,SEN,MF,23-238,2002,24,13,1357,15.1,2,3,5,2,0,0,2,0,,,,,,,,0.13,0.20,0.33,0.13,0.33,,,,,,,,,,,,,,,,,,,,,,,,,,,,,,,,,,,pape_matar_sarr_tottenham
ENG-Premier League,25/26,Crystal Palace,Jean-Philippe Mateta,FRA,FW,28-316,1997,28,24,2089,23.2,10,0,10,6,4,4,2,0,,,,,,,,0.43,0.00,0.43,0.26,0.26,,,,,,,,,,,,,,,,,,,,,,,,,,,,,,,,,,,jean_philippe_mateta_crystal_palace
ENG-Premier League,25/26,West Ham,Konstantinos Mavropanos,GRE,DF,28-150,1997,28,24,2264,25.2,3,0,3,3,0,0,2,0,,,,,,,,0.12,0.00,0.12,0.12,0.12,,,,,,,,,,,,,,,,,,,,,,,,,,,,,,,,,,,konstantinos_mavropanos_west_ham
ENG-Premier League,25/26,Sunderland,Eliezer Mayenda,ESP,"FW,MF",21-002,2005,20,8,759,8.4,2,0,2,2,0,0,0,0,,,,,,,,0.24,0.00,0.24,0.24,0.24,,,,,,,,,,,,,,,,,,,,,,,,,,,,,,,,,,,eliezer_mayenda_sunderland
ENG-Premier League,25/26,West Ham,Ezra Mayers,BRB,DF,19-114,2007,6,0,117,1.3,0,0,0,0,0,0,0,0,,,,,,,,0.00,0.00,0.00,0.00,0.00,,,,,,,,,,,,,,,,,,,,,,,,,,,,,,,,,,,ezra_mayers_west_ham
ENG-Premier League,25/26,Manchester Utd,Noussair Mazraoui,MAR,"DF,MF",28-177,1997,19,10,912,10.1,0,0,0,0,0,0,3,0,,,,,,,,0.00,0.00,0.00,0.00,0.00,,,,,,,,,,,,,,,,,,,,,,,,,,,,,,,,,,,noussair_mazraoui_manchester_utd
ENG-Premier League,25/26,Manchester Utd,Bryan Mbeumo,CMR,"MF,FW",26-276,1999,31,29,2457,27.3,9,3,12,9,0,0,4,0,,,,,,,,0.33,0.11,0.44,0.33,0.44,,,,,,,,,,,,,,,,,,,,,,,,,,,,,,,,,,,bryan_mbeumo_manchester_utd
ENG-Premier League,25/26,Nott'ham Forest,James Mcatee,ENG,MF,23-204,2002,11,2,270,3.0,0,0,0,0,0,0,1,0,,,,,,,,0.00,0.00,0.00,0.00,0.00,,,,,,,,,,,,,,,,,,,,,,,,,,,,,,,,,,,james_mcatee_nott_ham_forest
ENG-Premier League,25/26,Aston Villa,John McGinn,SCO,MF,31-204,1994,27,26,1959,21.8,4,3,7,4,0,0,4,0,,,,,,,,0.18,0.14,0.32,0.18,0.32,,,,,,,,,,,,,,,,,,,,,,,,,,,,,,,,,,,john_mcginn_aston_villa
ENG-Premier League,25/26,Everton,Dwight McNeil,ENG,MF,26-169,1999,21,14,1165,12.9,0,1,1,0,0,0,1,0,,,,,,,,0.00,0.08,0.08,0.00,0.08,,,,,,,,,,,,,,,,,,,,,,,,,,,,,,,,,,,dwight_mcneil_everton
ENG-Premier League,25/26,Burnley,Hannibal Mejbri,TUN,MF,23-109,2003,24,12,1027,11.4,1,3,4,1,0,0,8,0,,,,,,,,0.09,0.26,0.35,0.09,0.35,,,,,,,,,,,,,,,,,,,,,,,,,,,,,,,,,,,hannibal_mejbri_burnley
ENG-Premier League,25/26,Arsenal,Mikel Merino,ESP,"MF,FW",29-322,1996,21,10,1007,11.2,4,3,7,4,0,0,1,0,,,,,,,,0.36,0.27,0.63,0.36,0.63,,,,,,,,,,,,,,,,,,,,,,,,,,,,,,,,,,,mikel_merino_arsenal
ENG-Premier League,25/26,Brentford,Antoni Milambo,NED,MF,21-037,2005,1,1,45,0.5,0,0,0,0,0,0,0,0,,,,,,,,0.00,0.00,0.00,0.00,0.00,,,,,,,,,,,,,,,,,,,,,,,,,,,,,,,,,,,antoni_milambo_brentford
ENG-Premier League,25/26,Nott'ham Forest,Nikola Milenković,SRB,DF,28-210,1997,35,34,3105,34.5,0,0,0,0,0,0,6,0,,,,,,,,0.00,0.00,0.00,0.00,0.00,,,,,,,,,,,,,,,,,,,,,,,,,,,,,,,,,,,nikola_milenkovic_nott_ham_forest
ENG-Premier League,25/26,Newcastle Utd,Lewis Miley,ENG,"MF,DF",20-009,2006,23,15,1496,16.6,1,4,5,1,0,0,0,0,,,,,,,,0.06,0.24,0.30,0.06,0.30,,,,,,,,,,,,,,,,,,,,,,,,,,,,,,,,,,,lewis_miley_newcastle_utd
ENG-Premier League,25/26,Brighton,James Milner,ENG,MF,40-126,1986,19,6,726,8.1,1,1,2,0,1,1,2,0,,,,,,,,0.12,0.12,0.25,0.00,0.12,,,,,,,,,,,,,,,,,,,,,,,,,,,,,,,,,,,james_milner_brighton
ENG-Premier League,25/26,Bournemouth,Veljko Milosavljević,SRB,DF,18-316,2007,7,4,368,4.1,0,0,0,0,0,0,0,0,,,,,,,,0.00,0.00,0.00,0.00,0.00,,,,,,,,,,,,,,,,,,,,,,,,,,,,,,,,,,,veljko_milosavljevic_bournemouth
ENG-Premier League,25/26,Aston Villa,Tyrone Mings,ENG,DF,33-058,1993,15,13,1144,12.7,0,0,0,0,0,0,0,0,,,,,,,,0.00,0.00,0.00,0.00,0.00,,,,,,,,,,,,,,,,,,,,,,,,,,,,,,,,,,,tyrone_mings_aston_villa
ENG-Premier League,25/26,Brighton,Yankuba Minteh,GAM,MF,21-292,2004,32,25,2257,25.1,3,4,7,3,0,0,3,0,,,,,,,,0.12,0.16,0.28,0.12,0.28,,,,,,,,,,,,,,,,,,,,,,,,,,,,,,,,,,,yankuba_minteh_brighton
ENG-Premier League,25/26,Crystal Palace,Tyrick Mitchell,ENG,MF,26-251,1999,34,33,2936,32.6,1,2,3,1,0,0,5,0,,,,,,,,0.03,0.06,0.09,0.03,0.09,,,,,,,,,,,,,,,,,,,,,,,,,,,,,,,,,,,tyrick_mitchell_crystal_palace
ENG-Premier League,25/26,Brighton,Kaoru Mitoma,JPN,"MF,FW",28-355,1997,25,19,1721,19.1,3,1,4,3,0,0,5,0,,,,,,,,0.16,0.05,0.21,0.16,0.21,,,,,,,,,,,,,,,,,,,,,,,,,,,,,,,,,,,kaoru_mitoma_brighton
ENG-Premier League,25/26,Nott'ham Forest,Morato,BRA,DF,24-314,2001,18,11,1075,11.9,0,0,0,0,0,0,5,0,,,,,,,,0.00,0.00,0.00,0.00,0.00,,,,,,,,,,,,,,,,,,,,,,,,,,,,,,,,,,,morato_nott_ham_forest
ENG-Premier League,25/26,Arsenal,Cristhian Mosquera,ESP,DF,21-317,2004,17,7,769,8.5,0,0,0,0,0,0,3,0,,,,,,,,0.00,0.00,0.00,0.00,0.00,,,,,,,,,,,,,,,,,,,,,,,,,,,,,,,,,,,cristhian_mosquera_arsenal
ENG-Premier League,25/26,Wolves,Yerson Mosquera,COL,DF,25-008,2001,25,22,1956,21.7,0,0,0,0,0,0,11,0,,,,,,,,0.00,0.00,0.00,0.00,0.00,,,,,,,,,,,,,,,,,,,,,,,,,,,,,,,,,,,yerson_mosquera_wolves
ENG-Premier League,25/26,Manchester Utd,Mason Mount,ENG,MF,27-120,1999,21,11,934,10.4,3,0,3,3,0,0,2,0,,,,,,,,0.29,0.00,0.29,0.29,0.29,,,,,,,,,,,,,,,,,,,,,,,,,,,,,,,,,,,mason_mount_manchester_utd
ENG-Premier League,25/26,Manchester City,Divine Mukasa,ENG,MF,18-261,2007,2,0,27,0.3,0,0,0,0,0,0,0,0,,,,,,,,0.00,0.00,0.00,0.00,0.00,,,,,,,,,,,,,,,,,,,,,,,,,,,,,,,,,,,divine_mukasa_manchester_city
ENG-Premier League,25/26,Sunderland,Nordi Mukiele,FRA,DF,28-190,1997,30,30,2604,28.9,3,3,6,3,0,0,5,0,,,,,,,,0.10,0.10,0.21,0.10,0.21,,,,,,,,,,,,,,,,,,,,,,,,,,,,,,,,,,,nordi_mukiele_sunderland
ENG-Premier League,25/26,Sunderland,Romaine Mundle,ENG,MF,23-016,2003,14,2,411,4.6,0,0,0,0,0,0,1,0,,,,,,,,0.00,0.00,0.00,0.00,0.00,,,,,,,,,,,,,,,,,,,,,,,,,,,,,,,,,,,romaine_mundle_sunderland
ENG-Premier League,25/26,Wolves,Marshall Munetsi,ZIM,"MF,FW",29-322,1996,13,9,875,9.7,1,1,2,1,0,0,2,0,,,,,,,,0.10,0.10,0.21,0.10,0.21,,,,,,,,,,,,,,,,,,,,,,,,,,,,,,,,,,,marshall_munetsi_wolves
ENG-Premier League,25/26,Fulham,Rodrigo Muniz,BRA,FW,25-006,2001,19,8,863,9.6,1,1,2,1,0,0,2,0,,,,,,,,0.10,0.10,0.21,0.10,0.21,,,,,,,,,,,,,,,,,,,,,,,,,,,,,,,,,,,rodrigo_muniz_fulham
ENG-Premier League,25/26,Crystal Palace,Daniel Muñoz,COL,MF,29-349,1996,25,25,2093,23.3,4,2,6,4,0,0,7,0,,,,,,,,0.17,0.09,0.26,0.17,0.26,,,,,,,,,,,,,,,,,,,,,,,,,,,,,,,,,,,daniel_munoz_crystal_palace
ENG-Premier League,25/26,Nott'ham Forest,Murillo,BRA,DF,23-310,2002,25,25,2130,23.7,1,0,1,1,0,0,5,0,,,,,,,,0.04,0.00,0.04,0.04,0.04,,,,,,,,,,,,,,,,,,,,,,,,,,,,,,,,,,,murillo_nott_ham_forest
ENG-Premier League,25/26,Newcastle Utd,Alex Murphy,IRL,DF,21-319,2004,1,0,2,0.0,0,0,0,0,0,0,0,0,,,,,,,,0.00,0.00,0.00,0.00,0.00,,,,,,,,,,,,,,,,,,,,,,,,,,,,,,,,,,,alex_murphy_newcastle_utd
ENG-Premier League,25/26,Newcastle Utd,Jacob Murphy,ENG,"FW,MF",31-075,1995,30,17,1496,16.6,3,2,5,3,0,0,2,0,,,,,,,,0.18,0.12,0.30,0.18,0.30,,,,,,,,,,,,,,,,,,,,,,,,,,,,,,,,,,,jacob_murphy_newcastle_utd
ENG-Premier League,25/26,Everton,Vitaliy Mykolenko,UKR,DF,26-346,1999,30,30,2688,29.9,0,1,1,0,0,0,5,0,,,,,,,,0.00,0.03,0.03,0.00,0.03,,,,,,,,,,,,,,,,,,,,,,,,,,,,,,,,,,,vitaliy_mykolenko_everton
ENG-Premier League,25/26,Wolves,David Møller Wolfe,NOR,"MF,DF",24-017,2002,20,9,892,9.9,0,2,2,0,0,0,1,0,,,,,,,,0.00,0.20,0.20,0.00,0.20,,,,,,,,,,,,,,,,,,,,,,,,,,,,,,,,,,,david_m_ller_wolfe_wolves
ENG-Premier League,25/26,Everton,Iliman Ndiaye,SEN,MF,26-065,2000,29,29,2508,27.9,6,3,9,4,2,2,2,0,,,,,,,,0.22,0.11,0.32,0.14,0.25,,,,,,,,,,,,,,,,,,,,,,,,,,,,,,,,,,,iliman_ndiaye_everton
ENG-Premier League,25/26,Nott'ham Forest,Dan Ndoye,SUI,MF,25-197,2000,24,14,1173,13.0,1,1,2,1,0,0,1,0,,,,,,,,0.08,0.08,0.15,0.08,0.15,,,,,,,,,,,,,,,,,,,,,,,,,,,,,,,,,,,dan_ndoye_nott_ham_forest
ENG-Premier League,25/26,Sunderland,Dan Neil,ENG,MF,24-148,2001,3,0,14,0.2,0,0,0,0,0,0,0,0,,,,,,,,0.00,0.00,0.00,0.00,0.00,,,,,,,,,,,,,,,,,,,,,,,,,,,,,,,,,,,dan_neil_sunderland
ENG-Premier League,25/26,Brentford,Reiss Nelson,ENG,"FW,MF",26-151,1999,9,0,124,1.4,0,1,1,0,0,0,0,0,,,,,,,,0.00,0.73,0.73,0.00,0.73,,,,,,,,,,,,,,,,,,,,,,,,,,,,,,,,,,,reiss_nelson_brentford
ENG-Premier League,25/26,Chelsea,Pedro Neto,POR,MF,26-062,2000,32,28,2479,27.5,5,4,9,5,0,0,4,1,,,,,,,,0.18,0.15,0.33,0.18,0.33,,,,,,,,,,,,,,,,,,,,,,,,,,,,,,,,,,,pedro_neto_chelsea
ENG-Premier League,25/26,Nott'ham Forest,Luca Netz,GER,DF,22-360,2003,4,1,164,1.8,0,0,0,0,0,0,0,0,,,,,,,,0.00,0.00,0.00,0.00,0.00,,,,,,,,,,,,,,,,,,,,,,,,,,,,,,,,,,,luca_netz_nott_ham_forest
ENG-Premier League,25/26,Liverpool,Rio Ngumoha,ENG,MF,17-254,2008,17,3,398,4.4,2,1,3,2,0,0,0,0,,,,,,,,0.45,0.23,0.68,0.45,0.68,,,,,,,,,,,,,,,,,,,,,,,,,,,,,,,,,,,rio_ngumoha_liverpool
ENG-Premier League,25/26,Crystal Palace,Eddie Nketiah,ENG,MF,26-345,1999,12,2,424,4.7,2,0,2,2,0,0,2,0,,,,,,,,0.42,0.00,0.42,0.42,0.42,,,,,,,,,,,,,,,,,,,,,,,,,,,,,,,,,,,eddie_nketiah_crystal_palace
ENG-Premier League,25/26,Leeds United,Lukas Nmecha,GER,FW,27-147,1998,28,9,934,10.4,6,1,7,4,2,3,0,0,,,,,,,,0.58,0.10,0.67,0.39,0.48,,,,,,,,,,,,,,,,,,,,,,,,,,,,,,,,,,,lukas_nmecha_leeds_united
ENG-Premier League,25/26,Manchester City,Matheus Nunes,POR,DF,27-256,1998,32,30,2715,30.2,1,5,6,1,0,0,5,0,,,,,,,,0.03,0.17,0.20,0.03,0.20,,,,,,,,,,,,,,,,,,,,,,,,,,,,,,,,,,,matheus_nunes_manchester_city
ENG-Premier League,25/26,Arsenal,Ethan Nwaneri,ENG,MF,19-050,2007,6,0,171,1.9,0,0,0,0,0,0,0,0,,,,,,,,0.00,0.00,0.00,0.00,0.00,,,,,,,,,,,,,,,,,,,,,,,,,,,,,,,,,,,ethan_nwaneri_arsenal
ENG-Premier League,25/26,Liverpool,Trey Nyoni,ENG,MF,18-314,2007,5,0,16,0.2,0,0,0,0,0,0,0,0,,,,,,,,0.00,0.00,0.00,0.00,0.00,,,,,,,,,,,,,,,,,,,,,,,,,,,,,,,,,,,trey_nyoni_liverpool
ENG-Premier League,25/26,Arsenal,Christian Nørgaard,DEN,MF,32-061,1994,6,0,61,0.7,0,0,0,0,0,0,0,0,,,,,,,,0.00,0.00,0.00,0.00,0.00,,,,,,,,,,,,,,,,,,,,,,,,,,,,,,,,,,,christian_n_rgaard_arsenal
ENG-Premier League,25/26,Everton,Jake O'Brien,IRL,DF,24-360,2001,34,32,2882,32.0,1,1,2,1,0,0,4,1,,,,,,,,0.03,0.03,0.06,0.03,0.06,,,,,,,,,,,,,,,,,,,,,,,,,,,,,,,,,,,jake_o_brien_everton
ENG-Premier League,25/26,Sunderland,Luke O'Nien,ENG,DF,31-170,1994,10,4,411,4.6,0,0,0,0,0,0,1,1,,,,,,,,0.00,0.00,0.00,0.00,0.00,,,,,,,,,,,,,,,,,,,,,,,,,,,,,,,,,,,luke_o_nien_sunderland
ENG-Premier League,25/26,Brighton,Matt O'Riley,DEN,MF,25-170,2000,6,2,204,2.3,1,0,1,0,1,1,0,0,,,,,,,,0.44,0.00,0.44,0.00,0.00,,,,,,,,,,,,,,,,,,,,,,,,,,,,,,,,,,,matt_o_riley_brighton
ENG-Premier League,25/26,Tottenham,Wilson Odobert,FRA,"MF,FW",21-163,2004,24,10,985,10.9,0,2,2,0,0,0,0,0,,,,,,,,0.00,0.18,0.18,0.00,0.18,,,,,,,,,,,,,,,,,,,,,,,,,,,,,,,,,,,wilson_odobert_tottenham
ENG-Premier League,25/26,Leeds United,Noah Okafor,SUI,"FW,MF",25-351,2000,28,19,1561,17.3,8,1,9,8,0,0,3,0,,,,,,,,0.46,0.06,0.52,0.46,0.52,,,,,,,,,,,,,,,,,,,,,,,,,,,,,,,,,,,noah_okafor_leeds_united
ENG-Premier League,25/26,Tottenham,Callum Olusesi,ENG,MF,19-113,2007,1,0,15,0.2,0,0,0,0,0,0,0,0,,,,,,,,0.00,0.00,0.00,0.00,0.00,,,,,,,,,,,,,,,,,,,,,,,,,,,,,,,,,,,callum_olusesi_tottenham
ENG-Premier League,25/26,Aston Villa,Amadou Onana,BEL,MF,24-267,2001,24,21,1740,19.3,2,0,2,2,0,0,3,0,,,,,,,,0.10,0.00,0.10,0.10,0.10,,,,,,,,,,,,,,,,,,,,,,,,,,,,,,,,,,,amadou_onana_aston_villa
ENG-Premier League,25/26,Brentford,Frank Onyeka,NGA,MF,28-129,1998,6,0,92,1.0,0,1,1,0,0,0,0,0,,,,,,,,0.00,0.98,0.98,0.00,0.98,,,,,,,,,,,,,,,,,,,,,,,,,,,,,,,,,,,frank_onyeka_brentford
ENG-Premier League,25/26,Brighton,Nehemiah Oriola,ENG,MF,18-333,2007,1,0,1,0.0,0,0,0,0,0,0,0,0,,,,,,,,0.00,0.00,0.00,0.00,0.00,,,,,,,,,,,,,,,,,,,,,,,,,,,,,,,,,,,nehemiah_oriola_brighton
ENG-Premier League,25/26,Nott'ham Forest,Stefan Ortega,GER,GK,33-185,1992,3,3,270,3.0,0,0,0,0,0,0,0,0,,,,,,,,0.00,0.00,0.00,0.00,0.00,,,,,,,,,,,,,,,,,,,,,,,,,,,,,,,,,,,stefan_ortega_nott_ham_forest
ENG-Premier League,25/26,Newcastle Utd,William Osula,DEN,FW,22-279,2003,21,5,600,6.7,5,0,5,5,0,0,0,0,,,,,,,,0.75,0.00,0.75,0.75,0.75,,,,,,,,,,,,,,,,,,,,,,,,,,,,,,,,,,,william_osula_newcastle_utd
ENG-Premier League,25/26,Brentford,Dango Ouattara,BFA,MF,24-088,2002,30,23,2096,23.3,5,3,8,5,0,0,5,0,,,,,,,,0.21,0.13,0.34,0.21,0.34,,,,,,,,,,,,,,,,,,,,,,,,,,,,,,,,,,,dango_ouattara_brentford
ENG-Premier League,25/26,Manchester City,Nico O’Reilly,ENG,"DF,MF",21-050,2005,33,28,2556,28.4,5,3,8,5,0,0,5,0,,,,,,,,0.18,0.11,0.28,0.18,0.28,,,,,,,,,,,,,,,,,,,,,,,,,,,,,,,,,,,nico_o_reilly_manchester_city
ENG-Premier League,25/26,West Ham,Pablo,BRA,"MF,FW",22-128,2004,11,9,726,8.1,0,1,1,0,0,0,0,0,,,,,,,,0.00,0.12,0.12,0.00,0.12,,,,,,,,,,,,,,,,,,,,,,,,,,,,,,,,,,,pablo_west_ham
ENG-Premier League,25/26,Tottenham,João Palhinha,POR,"MF,DF",30-305,1995,30,20,1951,21.7,4,2,6,4,0,0,6,0,,,,,,,,0.18,0.09,0.28,0.18,0.28,,,,,,,,,,,,,,,,,,,,,,,,,,,,,,,,,,,joao_palhinha_tottenham
ENG-Premier League,25/26,Chelsea,Cole Palmer,ENG,MF,24-004,2002,24,22,1777,19.7,9,1,10,4,5,6,4,0,,,,,,,,0.46,0.05,0.51,0.20,0.25,,,,,,,,,,,,,,,,,,,,,,,,,,,,,,,,,,,cole_palmer_chelsea
ENG-Premier League,25/26,West Ham,Lucas Paquetá,BRA,"MF,FW",28-256,1997,18,18,1511,16.8,4,1,5,2,2,2,7,1,,,,,,,,0.24,0.06,0.30,0.12,0.18,,,,,,,,,,,,,,,,,,,,,,,,,,,,,,,,,,,lucas_paqueta_west_ham
ENG-Premier League,25/26,Everton,Nathan Patterson,SCO,DF,24-206,2001,7,3,241,2.7,0,0,0,0,0,0,0,0,,,,,,,,0.00,0.00,0.00,0.00,0.00,,,,,,,,,,,,,,,,,,,,,,,,,,,,,,,,,,,nathan_patterson_everton
ENG-Premier League,25/26,Brentford,Myles Peart-Harris,ENG,MF,23-234,2002,1,0,1,0.0,0,0,0,0,0,0,0,0,,,,,,,,0.00,0.00,0.00,0.00,0.00,,,,,,,,,,,,,,,,,,,,,,,,,,,,,,,,,,,myles_peart_harris_brentford
ENG-Premier League,25/26,Leeds United,Lucas Perri,BRA,GK,28-151,1997,16,16,1440,16.0,0,0,0,0,0,0,2,0,,,,,,,,0.00,0.00,0.00,0.00,0.00,,,,,,,,,,,,,,,,,,,,,,,,,,,,,,,,,,,lucas_perri_leeds_united
ENG-Premier League,25/26,Bournemouth,Đorđe Petrović,SRB,GK,26-214,1999,36,36,3240,36.0,0,0,0,0,0,0,3,0,,,,,,,,0.00,0.00,0.00,0.00,0.00,,,,,,,,,,,,,,,,,,,,,,,,,,,,,,,,,,,or_e_petrovic_bournemouth
ENG-Premier League,25/26,Everton,Jordan Pickford,ENG,GK,32-064,1994,35,35,3150,35.0,0,0,0,0,0,0,4,0,,,,,,,,0.00,0.00,0.00,0.00,0.00,,,,,,,,,,,,,,,,,,,,,,,,,,,,,,,,,,,jordan_pickford_everton
ENG-Premier League,25/26,Brentford,Ethan Pinnock,JAM,DF,32-346,1993,4,4,318,3.5,0,0,0,0,0,0,1,0,,,,,,,,0.00,0.00,0.00,0.00,0.00,,,,,,,,,,,,,,,,,,,,,,,,,,,,,,,,,,,ethan_pinnock_brentford
ENG-Premier League,25/26,Crystal Palace,Yeremi Pino,ESP,"MF,FW",23-202,2002,31,24,1931,21.5,2,1,3,2,0,0,4,0,,,,,,,,0.09,0.05,0.14,0.09,0.14,,,,,,,,,,,,,,,,,,,,,,,,,,,,,,,,,,,yeremi_pino_crystal_palace
ENG-Premier League,25/26,Leeds United,Joël Piroe,SUR,FW,26-281,1999,14,2,228,2.5,0,0,0,0,0,0,0,0,,,,,,,,0.00,0.00,0.00,0.00,0.00,,,,,,,,,,,,,,,,,,,,,,,,,,,,,,,,,,,joel_piroe_leeds_united
ENG-Premier League,25/26,Newcastle Utd,Nick Pope,ENG,GK,34-021,1992,24,24,2146,23.8,0,0,0,0,0,0,2,0,,,,,,,,0.00,0.00,0.00,0.00,0.00,,,,,,,,,,,,,,,,,,,,,,,,,,,,,,,,,,,nick_pope_newcastle_utd
ENG-Premier League,25/26,Tottenham,Pedro Porro,ESP,DF,26-239,1999,31,29,2526,28.1,1,2,3,1,0,0,8,0,,,,,,,,0.04,0.07,0.11,0.04,0.11,,,,,,,,,,,,,,,,,,,,,,,,,,,,,,,,,,,pedro_porro_tottenham
ENG-Premier League,25/26,West Ham,Freddie Potts,ENG,MF,22-240,2003,22,12,1171,13.0,0,1,1,0,0,0,1,0,,,,,,,,0.00,0.08,0.08,0.00,0.08,,,,,,,,,,,,,,,,,,,,,,,,,,,,,,,,,,,freddie_potts_west_ham
ENG-Premier League,25/26,Newcastle Utd,Aaron Ramsdale,ENG,GK,27-361,1998,12,11,1004,11.2,0,0,0,0,0,0,2,0,,,,,,,,0.00,0.00,0.00,0.00,0.00,,,,,,,,,,,,,,,,,,,,,,,,,,,,,,,,,,,aaron_ramsdale_newcastle_utd
ENG-Premier League,25/26,Newcastle Utd,Jacob Ramsey,ENG,MF,24-347,2001,25,13,1240,13.8,2,1,3,2,0,0,5,1,,,,,,,,0.15,0.07,0.22,0.15,0.22,,,,,,,,,,,,,,,,,,,,,,,,,,,,,,,,,,,jacob_ramsey_newcastle_utd
ENG-Premier League,25/26,Arsenal,David Raya,ESP,GK,30-237,1995,35,35,3150,35.0,0,0,0,0,0,0,1,0,,,,,,,,0.00,0.00,0.00,0.00,0.00,,,,,,,,,,,,,,,,,,,,,,,,,,,,,,,,,,,david_raya_arsenal
ENG-Premier League,25/26,Bournemouth,Rayan,BRA,MF,19-280,2006,13,11,956,10.6,5,2,7,5,0,0,1,0,,,,,,,,0.47,0.19,0.66,0.47,0.66,,,,,,,,,,,,,,,,,,,,,,,,,,,,,,,,,,,rayan_bournemouth
ENG-Premier League,25/26,Fulham,Harrison Reed,ENG,MF,31-103,1995,7,1,94,1.0,1,0,1,1,0,0,0,0,,,,,,,,0.96,0.00,0.96,0.96,0.96,,,,,,,,,,,,,,,,,,,,,,,,,,,,,,,,,,,harrison_reed_fulham
ENG-Premier League,25/26,Manchester City,Tijjani Reijnders,NED,MF,27-285,1998,27,18,1555,17.3,5,2,7,5,0,0,2,0,,,,,,,,0.29,0.12,0.41,0.29,0.41,,,,,,,,,,,,,,,,,,,,,,,,,,,,,,,,,,,tijjani_reijnders_manchester_city
ENG-Premier League,25/26,Crystal Palace,Chadi Riad,MAR,DF,22-327,2003,7,4,389,4.3,0,1,1,0,0,0,2,0,,,,,,,,0.00,0.23,0.23,0.00,0.23,,,,,,,,,,,,,,,,,,,,,,,,,,,,,,,,,,,chadi_riad_crystal_palace
ENG-Premier League,25/26,Arsenal,Declan Rice,ENG,MF,27-116,1999,34,33,2914,32.4,4,5,9,4,0,0,3,0,,,,,,,,0.12,0.15,0.28,0.12,0.28,,,,,,,,,,,,,,,,,,,,,,,,,,,,,,,,,,,declan_rice_arsenal
ENG-Premier League,25/26,Crystal Palace,Chris Richards,USA,DF,26-043,2000,30,29,2617,29.1,1,0,1,1,0,0,3,0,,,,,,,,0.03,0.00,0.03,0.03,0.03,,,,,,,,,,,,,,,,,,,,,,,,,,,,,,,,,,,chris_richards_crystal_palace
ENG-Premier League,25/26,Tottenham,Richarlison,BRA,"FW,MF",29-000,1997,29,17,1712,19.0,10,4,14,10,0,0,5,0,,,,,,,,0.53,0.21,0.74,0.53,0.74,,,,,,,,,,,,,,,,,,,,,,,,,,,,,,,,,,,richarlison_tottenham
ENG-Premier League,25/26,Sunderland,Chris Rigg,ENG,MF,18-326,2007,16,11,746,8.3,1,0,1,1,0,0,1,0,,,,,,,,0.12,0.00,0.12,0.12,0.12,,,,,,,,,,,,,,,,,,,,,,,,,,,,,,,,,,,chris_rigg_sunderland
ENG-Premier League,25/26,Sunderland,Patrick Roberts,ENG,"FW,MF",29-094,1997,1,0,28,0.3,0,0,0,0,0,0,0,0,,,,,,,,0.00,0.00,0.00,0.00,0.00,,,,,,,,,,,,,,,,,,,,,,,,,,,,,,,,,,,patrick_roberts_sunderland
ENG-Premier League,25/26,Liverpool,Andrew Robertson,SCO,DF,32-060,1994,23,10,1094,12.2,1,0,1,1,0,0,0,0,,,,,,,,0.08,0.00,0.08,0.08,0.08,,,,,,,,,,,,,,,,,,,,,,,,,,,,,,,,,,,andrew_robertson_liverpool
ENG-Premier League,25/26,Fulham,Antonee Robinson,USA,"DF,MF",28-275,1997,20,15,1312,14.6,0,0,0,0,0,0,4,0,,,,,,,,0.00,0.00,0.00,0.00,0.00,,,,,,,,,,,,,,,,,,,,,,,,,,,,,,,,,,,antonee_robinson_fulham
ENG-Premier League,25/26,Crystal Palace,Kaden Rodney,ENG,"DF,MF",21-215,2004,1,0,4,0.0,0,0,0,0,0,0,0,0,,,,,,,,0.00,0.00,0.00,0.00,0.00,,,,,,,,,,,,,,,,,,,,,,,,,,,,,,,,,,,kaden_rodney_crystal_palace
ENG-Premier League,25/26,Leeds United,Joe Rodon,WAL,DF,28-200,1997,32,30,2681,29.8,2,0,2,2,0,0,2,0,,,,,,,,0.07,0.00,0.07,0.07,0.07,,,,,,,,,,,,,,,,,,,,,,,,,,,,,,,,,,,joe_rodon_leeds_united
ENG-Premier League,25/26,Manchester City,Rodri,ESP,MF,29-322,1996,20,16,1421,15.8,1,0,1,1,0,0,2,0,,,,,,,,0.06,0.00,0.06,0.06,0.06,,,,,,,,,,,,,,,,,,,,,,,,,,,,,,,,,,,rodri_manchester_city
ENG-Premier League,25/26,West Ham,Guido Rodríguez,ARG,MF,32-028,1994,6,2,180,2.0,0,0,0,0,0,0,1,0,,,,,,,,0.00,0.00,0.00,0.00,0.00,,,,,,,,,,,,,,,,,,,,,,,,,,,,,,,,,,,guido_rodriguez_west_ham
ENG-Premier League,25/26,Sunderland,Robin Roefs,NED,GK,23-113,2003,33,33,2970,33.0,0,0,0,0,0,0,4,0,,,,,,,,0.00,0.00,0.00,0.00,0.00,,,,,,,,,,,,,,,,,,,,,,,,,,,,,,,,,,,robin_roefs_sunderland
ENG-Premier League,25/26,Aston Villa,Morgan Rogers,ENG,MF,23-288,2002,35,35,3100,34.4,9,5,14,9,0,0,7,0,,,,,,,,0.26,0.15,0.41,0.26,0.41,,,,,,,,,,,,,,,,,,,,,,,,,,,,,,,,,,,morgan_rogers_aston_villa
ENG-Premier League,25/26,Everton,Merlin Röhl,GER,MF,23-309,2002,13,3,455,5.1,0,0,0,0,0,0,0,0,,,,,,,,0.00,0.00,0.00,0.00,0.00,,,,,,,,,,,,,,,,,,,,,,,,,,,,,,,,,,,merlin_rohl_everton
ENG-Premier League,25/26,Tottenham,Cristian Romero,ARG,DF,28-013,1998,23,22,1868,20.8,4,1,5,4,0,0,11,2,,,,,,,,0.19,0.05,0.24,0.19,0.24,,,,,,,,,,,,,,,,,,,,,,,,,,,,,,,,,,,cristian_romero_tottenham
ENG-Premier League,25/26,Tottenham,James Rowswell,ENG,DF,19-301,2006,1,0,1,0.0,0,0,0,0,0,0,0,0,,,,,,,,0.00,0.00,0.00,0.00,0.00,,,,,,,,,,,,,,,,,,,,,,,,,,,,,,,,,,,james_rowswell_tottenham
ENG-Premier League,25/26,Brighton,Georginio Rutter,FRA,"MF,FW",24-020,2002,30,20,1743,19.4,3,3,6,3,0,0,2,0,,,,,,,,0.15,0.15,0.31,0.15,0.31,,,,,,,,,,,,,,,,,,,,,,,,,,,,,,,,,,,georginio_rutter_brighton
ENG-Premier League,25/26,Wolves,José Sá,POR,GK,33-113,1993,21,21,1890,21.0,0,0,0,0,0,0,2,0,,,,,,,,0.00,0.00,0.00,0.00,0.00,,,,,,,,,,,,,,,,,,,,,,,,,,,,,,,,,,,jose_sa_wolves
ENG-Premier League,25/26,Sunderland,Noah Sadiki,COD,MF,21-144,2004,31,31,2723,30.3,0,1,1,0,0,0,8,0,,,,,,,,0.00,0.03,0.03,0.00,0.03,,,,,,,,,,,,,,,,,,,,,,,,,,,,,,,,,,,noah_sadiki_sunderland
ENG-Premier League,25/26,Arsenal,Bukayo Saka,ENG,"FW,MF",24-247,2001,29,23,2053,22.8,7,4,11,6,1,1,1,0,,,,,,,,0.31,0.18,0.48,0.26,0.44,,,,,,,,,,,,,,,,,,,,,,,,,,,,,,,,,,,bukayo_saka_arsenal
ENG-Premier League,25/26,Liverpool,Mohamed Salah,EGY,MF,33-329,1992,25,22,2056,22.8,7,6,13,6,1,1,1,0,,,,,,,,0.31,0.26,0.57,0.26,0.53,,,,,,,,,,,,,,,,,,,,,,,,,,,,,,,,,,,mohamed_salah_liverpool
ENG-Premier League,25/26,Arsenal,William Saliba,FRA,DF,25-047,2001,29,28,2434,27.0,1,0,1,1,0,0,1,0,,,,,,,,0.04,0.00,0.04,0.04,0.04,,,,,,,,,,,,,,,,,,,,,,,,,,,,,,,,,,,william_saliba_arsenal
ENG-Premier League,25/26,Chelsea,Robert Sánchez,ESP,GK,28-173,1997,33,33,2859,31.8,0,1,1,0,0,0,3,1,,,,,,,,0.00,0.03,0.03,0.00,0.03,,,,,,,,,,,,,,,,,,,,,,,,,,,,,,,,,,,robert_sanchez_chelsea
ENG-Premier League,25/26,Aston Villa,Jadon Sancho,ENG,MF,26-046,2000,22,9,875,9.7,0,2,2,0,0,0,0,0,,,,,,,,0.00,0.21,0.21,0.00,0.21,,,,,,,,,,,,,,,,,,,,,,,,,,,,,,,,,,,jadon_sancho_aston_villa
ENG-Premier League,25/26,Nott'ham Forest,Ibrahim Sangaré,CIV,MF,28-159,1997,26,24,1990,22.1,2,2,4,2,0,0,5,0,,,,,,,,0.09,0.09,0.18,0.09,0.18,,,,,,,,,,,,,,,,,,,,,,,,,,,,,,,,,,,ibrahim_sangare_nott_ham_forest
ENG-Premier League,25/26,Chelsea,Andrey Santos,BRA,MF,22-007,2004,26,12,1170,13.0,0,0,0,0,0,0,4,0,,,,,,,,0.00,0.00,0.00,0.00,0.00,,,,,,,,,,,,,,,,,,,,,,,,,,,,,,,,,,,andrey_santos_chelsea
ENG-Premier League,25/26,Crystal Palace,Ismaila Sarr,SEN,MF,28-074,1998,24,21,1919,21.3,7,1,8,5,2,2,2,0,,,,,,,,0.33,0.05,0.38,0.23,0.28,,,,,,,,,,,,,,,,,,,,,,,,,,,,,,,,,,,ismaila_sarr_crystal_palace
ENG-Premier League,25/26,Chelsea,Mamadou Sarr,SEN,DF,20-254,2005,2,1,92,1.0,0,0,0,0,0,0,0,0,,,,,,,,0.00,0.00,0.00,0.00,0.00,,,,,,,,,,,,,,,,,,,,,,,,,,,,,,,,,,,mamadou_sarr_chelsea
ENG-Premier League,25/26,Manchester City,Sávio,BRA,MF,22-030,2004,21,5,618,6.9,0,1,1,0,0,0,2,0,,,,,,,,0.00,0.15,0.15,0.00,0.15,,,,,,,,,,,,,,,,,,,,,,,,,,,,,,,,,,,savio_manchester_city
ENG-Premier League,25/26,Nott'ham Forest,Nicolò Savona,ITA,DF,23-052,2003,14,11,1028,11.4,2,0,2,2,0,0,2,0,,,,,,,,0.18,0.00,0.18,0.18,0.18,,,,,,,,,,,,,,,,,,,,,,,,,,,,,,,,,,,nicolo_savona_nott_ham_forest
ENG-Premier League,25/26,West Ham,Oliver Scarles,ENG,"DF,MF",20-149,2005,13,9,659,7.3,0,0,0,0,0,0,2,0,,,,,,,,0.00,0.00,0.00,0.00,0.00,,,,,,,,,,,,,,,,,,,,,,,,,,,,,,,,,,,oliver_scarles_west_ham
ENG-Premier League,25/26,Tottenham,Dane Scarlett,ENG,FW,22-047,2004,2,0,9,0.1,0,0,0,0,0,0,0,0,,,,,,,,0.00,0.00,0.00,0.00,0.00,,,,,,,,,,,,,,,,,,,,,,,,,,,,,,,,,,,dane_scarlett_tottenham
ENG-Premier League,25/26,Brentford,Kevin Schade,GER,"MF,FW",24-164,2001,33,31,2627,29.2,7,3,10,7,0,1,6,1,,,,,,,,0.24,0.10,0.34,0.24,0.34,,,,,,,,,,,,,,,,,,,,,,,,,,,,,,,,,,,kevin_schade_brentford
ENG-Premier League,25/26,Newcastle Utd,Fabian Schär,SUI,DF,34-141,1991,16,11,1091,12.1,0,0,0,0,0,0,1,0,,,,,,,,0.00,0.00,0.00,0.00,0.00,,,,,,,,,,,,,,,,,,,,,,,,,,,,,,,,,,,fabian_schar_newcastle_utd
ENG-Premier League,25/26,Bournemouth,Alex Scott,ENG,MF,22-262,2003,36,33,2759,30.7,3,1,4,3,0,0,5,0,,,,,,,,0.10,0.03,0.13,0.10,0.13,,,,,,,,,,,,,,,,,,,,,,,,,,,,,,,,,,,alex_scott_bournemouth
ENG-Premier League,25/26,Sunderland,Jenson Seelt,NED,DF,22-352,2003,2,1,134,1.5,0,0,0,0,0,0,0,0,,,,,,,,0.00,0.00,0.00,0.00,0.00,,,,,,,,,,,,,,,,,,,,,,,,,,,,,,,,,,,jenson_seelt_sunderland
ENG-Premier League,25/26,Nott'ham Forest,Matz Sels,BEL,GK,34-073,1992,28,27,2398,26.6,0,0,0,0,0,0,2,0,,,,,,,,0.00,0.00,0.00,0.00,0.00,,,,,,,,,,,,,,,,,,,,,,,,,,,,,,,,,,,matz_sels_nott_ham_forest
ENG-Premier League,25/26,Bournemouth,Antoine Semenyo,GHA,MF,26-123,2000,20,20,1798,20.0,10,3,13,9,1,2,6,0,,,,,,,,0.50,0.15,0.65,0.45,0.60,,,,,,,,,,,,,,,,,,,,,,,,,,,,,,,,,,,antoine_semenyo_bournemouth
ENG-Premier League,25/26,Manchester City,Antoine Semenyo,GHA,"MF,FW",26-123,2000,14,14,1195,13.3,5,1,6,5,0,0,1,0,,,,,,,,0.38,0.08,0.45,0.38,0.45,,,,,,,,,,,,,,,,,,,,,,,,,,,,,,,,,,,antoine_semenyo_manchester_city
ENG-Premier League,25/26,Bournemouth,Marcos Senesi,ARG,DF,29-000,1997,35,35,3108,34.5,0,5,5,0,0,0,8,0,,,,,,,,0.00,0.14,0.14,0.00,0.14,,,,,,,,,,,,,,,,,,,,,,,,,,,,,,,,,,,marcos_senesi_bournemouth
ENG-Premier League,25/26,Manchester Utd,Benjamin Šeško,SVN,FW,22-344,2003,30,17,1643,18.3,11,1,12,11,0,0,2,0,,,,,,,,0.60,0.05,0.66,0.60,0.66,,,,,,,,,,,,,,,,,,,,,,,,,,,,,,,,,,,benjamin_sesko_manchester_utd
ENG-Premier League,25/26,Fulham,Ryan Sessegnon,ENG,"DF,MF",25-357,2000,27,20,1823,20.3,3,1,4,3,0,0,0,0,,,,,,,,0.15,0.05,0.20,0.15,0.20,,,,,,,,,,,,,,,,,,,,,,,,,,,,,,,,,,,ryan_sessegnon_fulham
ENG-Premier League,25/26,Manchester Utd,Luke Shaw,ENG,DF,30-302,1995,36,36,3048,33.9,0,1,1,0,0,0,8,0,,,,,,,,0.00,0.03,0.03,0.00,0.03,,,,,,,,,,,,,,,,,,,,,,,,,,,,,,,,,,,luke_shaw_manchester_utd
ENG-Premier League,25/26,Manchester City,Bernardo Silva,POR,MF,31-273,1994,35,31,2681,29.8,2,4,6,2,0,0,10,0,,,,,,,,0.07,0.13,0.20,0.07,0.20,,,,,,,,,,,,,,,,,,,,,,,,,,,,,,,,,,,bernardo_silva_manchester_city
ENG-Premier League,25/26,Nott'ham Forest,Jota Silva,POR,FW,26-282,1999,1,0,12,0.1,0,0,0,0,0,0,0,0,,,,,,,,0.00,0.00,0.00,0.00,0.00,,,,,,,,,,,,,,,,,,,,,,,,,,,,,,,,,,,jota_silva_nott_ham_forest
ENG-Premier League,25/26,Tottenham,Xavi Simons,NED,"MF,FW",23-019,2003,28,19,1755,19.5,2,5,7,2,0,0,5,1,,,,,,,,0.10,0.26,0.36,0.10,0.36,,,,,,,,,,,,,,,,,,,,,,,,,,,,,,,,,,,xavi_simons_tottenham
ENG-Premier League,25/26,Bournemouth,Adam Smith,ENG,DF,35-011,1991,20,12,899,10.0,0,2,2,0,0,0,3,0,,,,,,,,0.00,0.20,0.20,0.00,0.20,,,,,,,,,,,,,,,,,,,,,,,,,,,,,,,,,,,adam_smith_bournemouth
ENG-Premier League,25/26,Fulham,Emile Smith Rowe,ENG,MF,25-286,2000,35,20,1774,19.7,3,0,3,3,0,0,1,0,,,,,,,,0.15,0.00,0.15,0.15,0.15,,,,,,,,,,,,,,,,,,,,,,,,,,,,,,,,,,,emile_smith_rowe_fulham
ENG-Premier League,25/26,Tottenham,Dominic Solanke,ENG,FW,28-238,1997,15,11,1001,11.1,3,0,3,3,0,0,1,0,,,,,,,,0.27,0.00,0.27,0.27,0.27,,,,,,,,,,,,,,,,,,,,,,,,,,,,,,,,,,,dominic_solanke_tottenham
ENG-Premier League,25/26,Bournemouth,Julio Soler,ARG,DF,21-083,2005,3,0,35,0.4,0,0,0,0,0,0,0,0,,,,,,,,0.00,0.00,0.00,0.00,0.00,,,,,,,,,,,,,,,,,,,,,,,,,,,,,,,,,,,julio_soler_bournemouth
ENG-Premier League,25/26,Burnley,Oliver Sonne,PER,DF,25-181,2000,7,1,169,1.9,1,0,1,1,0,0,0,0,,,,,,,,0.53,0.00,0.53,0.53,0.53,,,,,,,,,,,,,,,,,,,,,,,,,,,,,,,,,,,oliver_sonne_burnley
ENG-Premier League,25/26,Crystal Palace,Borna Sosa,CRO,"DF,MF",28-109,1998,7,0,101,1.1,0,0,0,0,0,0,1,0,,,,,,,,0.00,0.00,0.00,0.00,0.00,,,,,,,,,,,,,,,,,,,,,,,,,,,,,,,,,,,borna_sosa_crystal_palace
ENG-Premier League,25/26,West Ham,Tomáš Souček,CZE,MF,31-072,1995,32,21,1958,21.8,5,0,5,5,0,0,2,1,,,,,,,,0.23,0.00,0.23,0.23,0.23,,,,,,,,,,,,,,,,,,,,,,,,,,,,,,,,,,,tomas_soucek_west_ham
ENG-Premier League,25/26,Tottenham,Souza,BRA,MF,19-328,2006,4,2,144,1.6,0,0,0,0,0,0,1,0,,,,,,,,0.00,0.00,0.00,0.00,0.00,,,,,,,,,,,,,,,,,,,,,,,,,,,,,,,,,,,souza_tottenham
ENG-Premier League,25/26,Tottenham,Djed Spence,ENG,"DF,MF",25-274,2000,27,22,1937,21.5,0,0,0,0,0,0,4,0,,,,,,,,0.00,0.00,0.00,0.00,0.00,,,,,,,,,,,,,,,,,,,,,,,,,,,,,,,,,,,djed_spence_tottenham
ENG-Premier League,25/26,Leeds United,Anton Stach,GER,MF,27-176,1998,27,26,2207,24.5,5,3,8,5,0,0,3,0,,,,,,,,0.20,0.12,0.33,0.20,0.33,,,,,,,,,,,,,,,,,,,,,,,,,,,,,,,,,,,anton_stach_leeds_united
ENG-Premier League,25/26,Manchester City,John Stones,ENG,DF,31-347,1994,7,4,353,3.9,0,0,0,0,0,0,0,0,,,,,,,,0.00,0.00,0.00,0.00,0.00,,,,,,,,,,,,,,,,,,,,,,,,,,,,,,,,,,,john_stones_manchester_city
ENG-Premier League,25/26,Wolves,Jørgen Strand Larsen,NOR,FW,26-093,2000,22,14,1404,15.6,1,1,2,0,1,2,2,0,,,,,,,,0.06,0.06,0.13,0.00,0.06,,,,,,,,,,,,,,,,,,,,,,,,,,,,,,,,,,,j_rgen_strand_larsen_wolves
ENG-Premier League,25/26,Crystal Palace,Jørgen Strand Larsen,NOR,FW,26-093,2000,10,9,672,7.5,3,0,3,3,0,0,2,0,,,,,,,,0.40,0.00,0.40,0.40,0.40,,,,,,,,,,,,,,,,,,,,,,,,,,,,,,,,,,,j_rgen_strand_larsen_crystal_palace
ENG-Premier League,25/26,Leeds United,Pascal Struijk,NED,DF,26-272,1999,32,31,2791,31.0,0,1,1,0,0,0,5,0,,,,,,,,0.00,0.03,0.03,0.00,0.03,,,,,,,,,,,,,,,,,,,,,,,,,,,,,,,,,,,pascal_struijk_leeds_united
ENG-Premier League,25/26,West Ham,Crysencio Summerville,NED,"MF,FW",24-192,2001,28,26,2200,24.4,5,1,6,5,0,0,5,0,,,,,,,,0.20,0.04,0.25,0.20,0.25,,,,,,,,,,,,,,,,,,,,,,,,,,,,,,,,,,,crysencio_summerville_west_ham
ENG-Premier League,25/26,Liverpool,Dominik Szoboszlai,HUN,"MF,DF",25-197,2000,34,34,3051,33.9,6,5,11,6,0,1,8,1,,,,,,,,0.18,0.15,0.32,0.18,0.32,,,,,,,,,,,,,,,,,,,,,,,,,,,,,,,,,,,dominik_szoboszlai_liverpool
ENG-Premier League,25/26,Sunderland,Jocelin Ta Bi,CIV,MF,21-090,2005,1,1,38,0.4,0,0,0,0,0,0,0,0,,,,,,,,0.00,0.00,0.00,0.00,0.00,,,,,,,,,,,,,,,,,,,,,,,,,,,,,,,,,,,jocelin_ta_bi_sunderland
ENG-Premier League,25/26,Sunderland,Chemsdine Talbi,MAR,"MF,FW",21-001,2005,27,16,1530,17.0,4,1,5,4,0,0,0,0,,,,,,,,0.24,0.06,0.29,0.24,0.29,,,,,,,,,,,,,,,,,,,,,,,,,,,,,,,,,,,chemsdine_talbi_sunderland
ENG-Premier League,25/26,Leeds United,Ao Tanaka,JPN,MF,27-242,1998,25,11,1090,12.1,2,0,2,2,0,0,1,0,,,,,,,,0.17,0.00,0.17,0.17,0.17,,,,,,,,,,,,,,,,,,,,,,,,,,,,,,,,,,,ao_tanaka_leeds_united
ENG-Premier League,25/26,Everton,James Tarkowski,ENG,DF,33-172,1992,34,34,3060,34.0,1,2,3,1,0,0,7,0,,,,,,,,0.03,0.06,0.09,0.03,0.09,,,,,,,,,,,,,,,,,,,,,,,,,,,,,,,,,,,james_tarkowski_everton
ENG-Premier League,25/26,Bournemouth,Marcus Tavernier,ENG,MF,27-049,1999,32,29,2551,28.3,6,4,10,4,2,2,6,0,,,,,,,,0.21,0.14,0.35,0.14,0.28,,,,,,,,,,,,,,,,,,,,,,,,,,,,,,,,,,,marcus_tavernier_bournemouth
ENG-Premier League,25/26,Burnley,Loum Tchaouna,FRA,"MF,FW",22-244,2003,26,11,1027,11.4,2,0,2,2,0,0,2,0,,,,,,,,0.18,0.00,0.18,0.18,0.18,,,,,,,,,,,,,,,,,,,,,,,,,,,,,,,,,,,loum_tchaouna_burnley
ENG-Premier League,25/26,Wolves,Jackson Tchatchoua,CMR,"MF,DF",24-238,2001,31,19,1845,20.5,0,1,1,0,0,0,3,0,,,,,,,,0.00,0.05,0.05,0.00,0.05,,,,,,,,,,,,,,,,,,,,,,,,,,,,,,,,,,,jackson_tchatchoua_wolves
ENG-Premier League,25/26,Tottenham,Mathys Tel,FRA,"MF,FW",21-013,2005,28,10,1103,12.3,3,1,4,3,0,0,1,0,,,,,,,,0.24,0.08,0.33,0.24,0.33,,,,,,,,,,,,,,,,,,,,,,,,,,,,,,,,,,,mathys_tel_tottenham
ENG-Premier League,25/26,Fulham,Kenny Tete,NED,DF,30-213,1995,22,21,1791,19.9,1,0,1,1,0,0,2,0,,,,,,,,0.05,0.00,0.05,0.05,0.05,,,,,,,,,,,,,,,,,,,,,,,,,,,,,,,,,,,kenny_tete_fulham
ENG-Premier League,25/26,Brentford,Igor Thiago,BRA,FW,24-318,2001,36,35,3102,34.5,22,1,23,14,8,9,7,0,,,,,,,,0.64,0.03,0.67,0.41,0.44,,,,,,,,,,,,,,,,,,,,,,,,,,,,,,,,,,,igor_thiago_brentford
ENG-Premier League,25/26,Newcastle Utd,Malick Thiaw,GER,DF,24-275,2001,32,30,2695,29.9,4,0,4,4,0,0,4,0,,,,,,,,0.13,0.00,0.13,0.13,0.13,,,,,,,,,,,,,,,,,,,,,,,,,,,,,,,,,,,malick_thiaw_newcastle_utd
ENG-Premier League,25/26,Aston Villa,Youri Tielemans,BEL,MF,29-003,1997,22,19,1665,18.5,0,4,4,0,0,0,0,0,,,,,,,,0.00,0.22,0.22,0.00,0.22,,,,,,,,,,,,,,,,,,,,,,,,,,,,,,,,,,,youri_tielemans_aston_villa
ENG-Premier League,25/26,Arsenal,Jurriën Timber,NED,DF,24-327,2001,30,28,2454,27.3,3,5,8,3,0,0,5,0,,,,,,,,0.11,0.18,0.29,0.11,0.29,,,,,,,,,,,,,,,,,,,,,,,,,,,,,,,,,,,jurrien_timber_arsenal
ENG-Premier League,25/26,West Ham,Jean-Clair Todibo,FRA,DF,26-131,1999,21,20,1699,18.9,0,1,1,0,0,0,4,1,,,,,,,,0.00,0.05,0.05,0.00,0.05,,,,,,,,,,,,,,,,,,,,,,,,,,,,,,,,,,,jean_clair_todibo_west_ham
ENG-Premier League,25/26,Newcastle Utd,Sandro Tonali,ITA,MF,26-002,2000,33,29,2392,26.6,0,2,2,0,0,0,4,0,,,,,,,,0.00,0.08,0.08,0.00,0.08,,,,,,,,,,,,,,,,,,,,,,,,,,,,,,,,,,,sandro_tonali_newcastle_utd
ENG-Premier League,25/26,Aston Villa,Pau Torres,ESP,DF,29-114,1997,19,17,1568,17.4,0,0,0,0,0,0,1,0,,,,,,,,0.00,0.00,0.00,0.00,0.00,,,,,,,,,,,,,,,,,,,,,,,,,,,,,,,,,,,pau_torres_aston_villa
ENG-Premier League,25/26,Bournemouth,Alex Tóth,HUN,MF,20-199,2005,8,1,84,0.9,0,0,0,0,0,0,1,0,,,,,,,,0.00,0.00,0.00,0.00,0.00,,,,,,,,,,,,,,,,,,,,,,,,,,,,,,,,,,,alex_toth_bournemouth
ENG-Premier League,25/26,Manchester City,James Trafford,ENG,GK,23-212,2002,3,3,270,3.0,0,0,0,0,0,0,0,0,,,,,,,,0.00,0.00,0.00,0.00,0.00,,,,,,,,,,,,,,,,,,,,,,,,,,,,,,,,,,,james_trafford_manchester_city
ENG-Premier League,25/26,Fulham,Adama Traoré,ESP,MF,30-105,1996,15,1,274,3.0,0,0,0,0,0,0,0,0,,,,,,,,0.00,0.00,0.00,0.00,0.00,,,,,,,,,,,,,,,,,,,,,,,,,,,,,,,,,,,adama_traore_fulham
ENG-Premier League,25/26,West Ham,Adama Traoré,ESP,"FW,MF",30-105,1996,9,0,121,1.3,0,0,0,0,0,0,1,0,,,,,,,,0.00,0.00,0.00,0.00,0.00,,,,,,,,,,,,,,,,,,,,,,,,,,,,,,,,,,,adama_traore_west_ham
ENG-Premier League,25/26,Sunderland,Bertrand Traoré,BFA,"MF,FW",30-246,1995,12,9,632,7.0,1,0,1,1,0,0,1,0,,,,,,,,0.14,0.00,0.14,0.14,0.14,,,,,,,,,,,,,,,,,,,,,,,,,,,,,,,,,,,bertrand_traore_sunderland
ENG-Premier League,25/26,Burnley,Mike Trésor,BEL,"FW,MF",26-347,1999,6,0,43,0.5,0,0,0,0,0,0,0,0,,,,,,,,0.00,0.00,0.00,0.00,0.00,,,,,,,,,,,,,,,,,,,,,,,,,,,,,,,,,,,mike_tresor_burnley
ENG-Premier League,25/26,Newcastle Utd,Kieran Trippier,ENG,DF,35-233,1990,19,17,1501,16.7,0,1,1,0,0,0,3,0,,,,,,,,0.00,0.06,0.06,0.00,0.06,,,,,,,,,,,,,,,,,,,,,,,,,,,,,,,,,,,kieran_trippier_newcastle_utd
ENG-Premier League,25/26,Arsenal,Leandro Trossard,BEL,"FW,MF",31-157,1994,29,19,1821,20.2,5,6,11,5,0,0,1,0,,,,,,,,0.25,0.30,0.54,0.25,0.54,,,,,,,,,,,,,,,,,,,,,,,,,,,,,,,,,,,leandro_trossard_arsenal
ENG-Premier League,25/26,Bournemouth,Adrien Truffert,FRA,DF,24-171,2001,36,36,3199,35.5,1,3,4,1,0,0,4,0,,,,,,,,0.03,0.08,0.11,0.03,0.11,,,,,,,,,,,,,,,,,,,,,,,,,,,,,,,,,,,adrien_truffert_bournemouth
ENG-Premier League,25/26,Burnley,Axel Tuanzebe,COD,DF,28-177,1997,11,11,931,10.3,1,0,1,1,0,0,1,0,,,,,,,,0.10,0.00,0.10,0.10,0.10,,,,,,,,,,,,,,,,,,,,,,,,,,,,,,,,,,,axel_tuanzebe_burnley
ENG-Premier League,25/26,Brighton,Stefanos Tzimas,GRE,FW,20-124,2006,9,1,139,1.5,1,1,2,1,0,0,0,0,,,,,,,,0.65,0.65,1.29,0.65,1.29,,,,,,,,,,,,,,,,,,,,,,,,,,,,,,,,,,,stefanos_tzimas_brighton
ENG-Premier League,25/26,Crystal Palace,Christantus Uche,NGA,FW,22-356,2003,14,0,173,1.9,0,0,0,0,0,0,0,0,,,,,,,,0.00,0.00,0.00,0.00,0.00,,,,,,,,,,,,,,,,,,,,,,,,,,,,,,,,,,,christantus_uche_crystal_palace
ENG-Premier League,25/26,Tottenham,Destiny Udogie,ITA,"DF,MF",23-163,2002,17,11,1098,12.2,0,1,1,0,0,0,3,0,,,,,,,,0.00,0.08,0.08,0.00,0.08,,,,,,,,,,,,,,,,,,,,,,,,,,,,,,,,,,,destiny_udogie_tottenham
ENG-Premier League,25/26,Manchester Utd,Manuel Ugarte,URU,MF,25-029,2001,22,8,887,9.9,0,0,0,0,0,0,1,0,,,,,,,,0.00,0.00,0.00,0.00,0.00,,,,,,,,,,,,,,,,,,,,,,,,,,,,,,,,,,,manuel_ugarte_manchester_utd
ENG-Premier League,25/26,Burnley,Lesley Ugochukwu,FRA,MF,22-045,2004,32,24,2114,23.5,3,1,4,3,0,0,3,1,,,,,,,,0.13,0.04,0.17,0.13,0.17,,,,,,,,,,,,,,,,,,,,,,,,,,,,,,,,,,,lesley_ugochukwu_burnley
ENG-Premier League,25/26,Bournemouth,Enes Ünal,TUR,FW,29-000,1997,21,0,212,2.4,1,0,1,1,0,0,1,0,,,,,,,,0.42,0.00,0.42,0.42,0.42,,,,,,,,,,,,,,,,,,,,,,,,,,,,,,,,,,,enes_unal_bournemouth
ENG-Premier League,25/26,Brentford,Hákon Valdimarsson,ISL,GK,24-209,2001,1,1,90,1.0,0,0,0,0,0,0,0,0,,,,,,,,0.00,0.00,0.00,0.00,0.00,,,,,,,,,,,,,,,,,,,,,,,,,,,,,,,,,,,hakon_valdimarsson_brentford
ENG-Premier League,25/26,Liverpool,Virgil van Dijk,NED,DF,34-306,1991,36,36,3240,36.0,4,0,4,4,0,0,4,0,,,,,,,,0.11,0.00,0.11,0.11,0.11,,,,,,,,,,,,,,,,,,,,,,,,,,,,,,,,,,,virgil_van_dijk_liverpool
ENG-Premier League,25/26,Brighton,Joël Veltman,NED,DF,34-115,1992,23,8,993,11.0,1,0,1,1,0,0,5,0,,,,,,,,0.09,0.00,0.09,0.09,0.09,,,,,,,,,,,,,,,,,,,,,,,,,,,,,,,,,,,joel_veltman_brighton
ENG-Premier League,25/26,Tottenham,Micky van de Ven,NED,DF,25-021,2001,32,32,2771,30.8,4,1,5,4,0,0,8,1,,,,,,,,0.13,0.03,0.16,0.13,0.16,,,,,,,,,,,,,,,,,,,,,,,,,,,,,,,,,,,micky_van_de_ven_tottenham
ENG-Premier League,25/26,Brighton,Bart Verbruggen,NED,GK,23-265,2002,36,36,3240,36.0,0,0,0,0,0,0,3,0,,,,,,,,0.00,0.00,0.00,0.00,0.00,,,,,,,,,,,,,,,,,,,,,,,,,,,,,,,,,,,bart_verbruggen_brighton
ENG-Premier League,25/26,Tottenham,Guglielmo Vicario,ITA,GK,29-215,1996,31,31,2790,31.0,0,0,0,0,0,0,1,0,,,,,,,,0.00,0.00,0.00,0.00,0.00,,,,,,,,,,,,,,,,,,,,,,,,,,,,,,,,,,,guglielmo_vicario_tottenham
ENG-Premier League,25/26,Burnley,Kyle Walker,ENG,"DF,MF",35-347,1990,33,32,2826,31.4,0,2,2,0,0,0,9,0,,,,,,,,0.00,0.06,0.06,0.00,0.06,,,,,,,,,,,,,,,,,,,,,,,,,,,,,,,,,,,kyle_walker_burnley
ENG-Premier League,25/26,West Ham,Kyle Walker-Peters,ENG,DF,29-027,1997,22,14,1293,14.4,1,0,1,1,0,0,2,0,,,,,,,,0.07,0.00,0.07,0.07,0.07,,,,,,,,,,,,,,,,,,,,,,,,,,,,,,,,,,,kyle_walker_peters_west_ham
ENG-Premier League,25/26,West Ham,Aaron Wan-Bissaka,COD,"DF,MF",28-165,1997,23,21,1929,21.4,0,2,2,0,0,0,4,0,,,,,,,,0.00,0.09,0.09,0.00,0.09,,,,,,,,,,,,,,,,,,,,,,,,,,,,,,,,,,,aaron_wan_bissaka_west_ham
ENG-Premier League,25/26,West Ham,James Ward-Prowse,ENG,MF,31-190,1994,5,5,413,4.6,0,0,0,0,0,0,0,0,,,,,,,,0.00,0.00,0.00,0.00,0.00,,,,,,,,,,,,,,,,,,,,,,,,,,,,,,,,,,,james_ward_prowse_west_ham
ENG-Premier League,25/26,Burnley,James Ward-Prowse,ENG,MF,31-190,1994,10,7,651,7.2,0,1,1,0,0,0,1,0,,,,,,,,0.00,0.14,0.14,0.00,0.14,,,,,,,,,,,,,,,,,,,,,,,,,,,,,,,,,,,james_ward_prowse_burnley
ENG-Premier League,25/26,Aston Villa,Ollie Watkins,ENG,FW,30-131,1995,34,30,2569,28.5,11,2,13,11,0,0,3,0,,,,,,,,0.39,0.07,0.46,0.39,0.46,,,,,,,,,,,,,,,,,,,,,,,,,,,,,,,,,,,ollie_watkins_aston_villa
ENG-Premier League,25/26,Brighton,Tom Watson,ENG,MF,20-032,2006,6,0,62,0.7,0,0,0,0,0,0,1,0,,,,,,,,0.00,0.00,0.00,0.00,0.00,,,,,,,,,,,,,,,,,,,,,,,,,,,,,,,,,,,tom_watson_brighton
ENG-Premier League,25/26,Brighton,Danny Welbeck,ENG,FW,35-165,1990,35,24,2136,23.7,13,1,14,12,1,3,5,0,,,,,,,,0.55,0.04,0.59,0.51,0.55,,,,,,,,,,,,,,,,,,,,,,,,,,,,,,,,,,,danny_welbeck_brighton
ENG-Premier League,25/26,Crystal Palace,Adam Wharton,ENG,MF,22-093,2004,30,27,2325,25.8,0,5,5,0,0,0,6,1,,,,,,,,0.00,0.19,0.19,0.00,0.19,,,,,,,,,,,,,,,,,,,,,,,,,,,,,,,,,,,adam_wharton_crystal_palace
ENG-Premier League,25/26,Arsenal,Ben White,ENG,DF,28-214,1997,11,8,675,7.5,0,1,1,0,0,0,0,0,,,,,,,,0.00,0.13,0.13,0.00,0.13,,,,,,,,,,,,,,,,,,,,,,,,,,,,,,,,,,,ben_white_arsenal
ENG-Premier League,25/26,Brighton,Mats Wieffer,NED,DF,26-175,1999,25,22,1813,20.1,2,3,5,2,0,0,8,0,,,,,,,,0.10,0.15,0.25,0.10,0.25,,,,,,,,,,,,,,,,,,,,,,,,,,,,,,,,,,,mats_wieffer_brighton
ENG-Premier League,25/26,Nott'ham Forest,Neco Williams,WAL,DF,25-027,2001,34,33,2934,32.6,2,3,5,2,0,0,6,1,,,,,,,,0.06,0.09,0.15,0.06,0.15,,,,,,,,,,,,,,,,,,,,,,,,,,,,,,,,,,,neco_williams_nott_ham_forest
ENG-Premier League,25/26,Chelsea,Estêvão Willian,BRA,MF,19-016,2007,22,12,848,9.4,2,2,4,2,0,0,4,0,,,,,,,,0.21,0.21,0.42,0.21,0.42,,,,,,,,,,,,,,,,,,,,,,,,,,,,,,,,,,,estevao_willian_chelsea
ENG-Premier League,25/26,Newcastle Utd,Joe Willock,ENG,MF,26-263,1999,22,9,855,9.5,0,1,1,0,0,0,3,0,,,,,,,,0.00,0.11,0.11,0.00,0.11,,,,,,,,,,,,,,,,,,,,,,,,,,,,,,,,,,,joe_willock_newcastle_utd
ENG-Premier League,25/26,West Ham,Callum Wilson,ENG,"FW,MF",34-072,1992,29,10,1110,12.3,6,1,7,6,0,0,1,0,,,,,,,,0.49,0.08,0.57,0.49,0.57,,,,,,,,,,,,,,,,,,,,,,,,,,,,,,,,,,,callum_wilson_west_ham
ENG-Premier League,25/26,Fulham,Harry Wilson,WAL,MF,29-049,1997,34,32,2642,29.4,10,6,16,10,0,0,7,0,,,,,,,,0.34,0.20,0.55,0.34,0.55,,,,,,,,,,,,,,,,,,,,,,,,,,,,,,,,,,,harry_wilson_fulham
ENG-Premier League,25/26,Bournemouth,Ben Winterburn,ENG,MF,21-248,2004,1,0,7,0.1,0,0,0,0,0,0,0,0,,,,,,,,0.00,0.00,0.00,0.00,0.00,,,,,,,,,,,,,,,,,,,,,,,,,,,,,,,,,,,ben_winterburn_bournemouth
ENG-Premier League,25/26,Liverpool,Florian Wirtz,GER,MF,23-007,2003,31,27,2335,25.9,5,3,8,5,0,0,1,0,,,,,,,,0.19,0.12,0.31,0.19,0.31,,,,,,,,,,,,,,,,,,,,,,,,,,,,,,,,,,,florian_wirtz_liverpool
ENG-Premier League,25/26,Newcastle Utd,Yoane Wissa,COD,FW,29-249,1996,16,4,480,5.3,1,0,1,1,0,0,2,0,,,,,,,,0.19,0.00,0.19,0.19,0.19,,,,,,,,,,,,,,,,,,,,,,,,,,,,,,,,,,,yoane_wissa_newcastle_utd
ENG-Premier League,25/26,Newcastle Utd,Nick Woltemade,GER,"FW,MF",24-085,2002,30,21,1692,18.8,7,3,10,6,1,1,0,0,,,,,,,,0.37,0.16,0.53,0.32,0.48,,,,,,,,,,,,,,,,,,,,,,,,,,,,,,,,,,,nick_woltemade_newcastle_utd
ENG-Premier League,25/26,Nott'ham Forest,Chris Wood,NZL,FW,34-154,1991,12,9,753,8.4,3,0,3,3,0,0,0,0,,,,,,,,0.36,0.00,0.36,0.36,0.36,,,,,,,,,,,,,,,,,,,,,,,,,,,,,,,,,,,chris_wood_nott_ham_forest
ENG-Premier League,25/26,Liverpool,Freddie Woodman,ENG,GK,29-067,1997,3,2,213,2.4,0,0,0,0,0,0,0,0,,,,,,,,0.00,0.00,0.00,0.00,0.00,,,,,,,,,,,,,,,,,,,,,,,,,,,,,,,,,,,freddie_woodman_liverpool
ENG-Premier League,25/26,Burnley,Joe Worrall,ENG,DF,29-120,1997,11,5,500,5.6,0,0,0,0,0,0,0,0,,,,,,,,0.00,0.00,0.00,0.00,0.00,,,,,,,,,,,,,,,,,,,,,,,,,,,,,,,,,,,joe_worrall_burnley
ENG-Premier League,25/26,Sunderland,Granit Xhaka,SUI,MF,33-225,1992,32,30,2724,30.3,1,6,7,1,0,0,7,0,,,,,,,,0.03,0.20,0.23,0.03,0.23,,,,,,,,,,,,,,,,,,,,,,,,,,,,,,,,,,,granit_xhaka_sunderland
ENG-Premier League,25/26,Brentford,Yehor Yarmoliuk,UKR,MF,22-070,2004,36,29,2571,28.6,1,2,3,1,0,0,7,0,,,,,,,,0.04,0.07,0.11,0.04,0.11,,,,,,,,,,,,,,,,,,,,,,,,,,,,,,,,,,,yehor_yarmoliuk_brentford
ENG-Premier League,25/26,Nott'ham Forest,Ryan Yates,ENG,MF,28-170,1997,20,2,546,6.1,0,2,2,0,0,0,2,0,,,,,,,,0.00,0.33,0.33,0.00,0.33,,,,,,,,,,,,,,,,,,,,,,,,,,,,,,,,,,,ryan_yates_nott_ham_forest
ENG-Premier League,25/26,Manchester Utd,Leny Yoro,FRA,DF,20-178,2005,31,18,1723,19.1,0,0,0,0,0,0,1,0,,,,,,,,0.00,0.00,0.00,0.00,0.00,,,,,,,,,,,,,,,,,,,,,,,,,,,,,,,,,,,leny_yoro_manchester_utd
ENG-Premier League,25/26,Nott'ham Forest,Oleksandr Zinchenko,UKR,DF,29-146,1996,5,4,353,3.9,0,0,0,0,0,0,0,0,,,,,,,,0.00,0.00,0.00,0.00,0.00,,,,,,,,,,,,,,,,,,,,,,,,,,,,,,,,,,,oleksandr_zinchenko_nott_ham_forest
ENG-Premier League,25/26,Manchester Utd,Joshua Zirkzee,NED,"FW,MF",24-353,2001,22,5,598,6.6,2,1,3,2,0,0,3,0,,,,,,,,0.30,0.15,0.45,0.30,0.45,,,,,,,,,,,,,,,,,,,,,,,,,,,,,,,,,,,joshua_zirkzee_manchester_utd
ENG-Premier League,25/26,Arsenal,Martín Zubimendi,ESP,MF,27-097,1999,35,33,2862,31.8,5,1,6,5,0,0,4,0,,,,,,,,0.16,0.03,0.19,0.16,0.19,,,,,,,,,,,,,,,,,,,,,,,,,,,,,,,,,,,martin_zubimendi_arsenal
ENG-Premier League,25/26,Arsenal,Martin Ødegaard,NOR,MF,27-144,1998,22,15,1256,14.0,1,5,6,1,0,0,0,0,,,,,,,,0.07,0.36,0.43,0.07,0.43,,,,,,,,,,,,,,,,,,,,,,,,,,,,,,,,,,,martin_degaard_arsenal